"name","label","typeName","alias","country","dataset","dictionary","entity","theme_hits"
"IDPROV","Provincia","string","","argentina","CP2010ARG","data/extracted/CP2010ARG/BASE_AMP_DPTO/CPV2010Ampliado.dicx","PROV","geografia"
"NOMPROV","Provincia","string","","argentina","CP2010ARG","data/extracted/CP2010ARG/BASE_AMP_DPTO/CPV2010Ampliado.dicx","PROV","geografia"
"PROV","Provincia","integer","","argentina","CP2010ARG","data/extracted/CP2010ARG/BASE_AMP_DPTO/CPV2010Ampliado.dicx","PROV","geografia"
"IDDPTO","Departamento","string","","argentina","CP2010ARG","data/extracted/CP2010ARG/BASE_AMP_DPTO/CPV2010Ampliado.dicx","DPTO","geografia"
"NOMDPTO","Departamento / Partido","string","","argentina","CP2010ARG","data/extracted/CP2010ARG/BASE_AMP_DPTO/CPV2010Ampliado.dicx","DPTO","geografia"
"DPTO","Departamento / Partido","integer","","argentina","CP2010ARG","data/extracted/CP2010ARG/BASE_AMP_DPTO/CPV2010Ampliado.dicx","DPTO","geografia"
"TIPVV","Tipo de vivienda agrupado","integer","","argentina","CP2010ARG","data/extracted/CP2010ARG/BASE_AMP_DPTO/CPV2010Ampliado.dicx","VIVIENDA","vivienda;entidad"
"V01","Tipo de vivienda particular","integer","","argentina","CP2010ARG","data/extracted/CP2010ARG/BASE_AMP_DPTO/CPV2010Ampliado.dicx","VIVIENDA","vivienda;entidad"
"V02","Condición de ocupación","integer","","argentina","CP2010ARG","data/extracted/CP2010ARG/BASE_AMP_DPTO/CPV2010Ampliado.dicx","VIVIENDA","vivienda;entidad"
"V03","Cantidad de hogares","integer","","argentina","CP2010ARG","data/extracted/CP2010ARG/BASE_AMP_DPTO/CPV2010Ampliado.dicx","VIVIENDA","vivienda;entidad"
"V00","Tipo de vivienda colectiva","integer","","argentina","CP2010ARG","data/extracted/CP2010ARG/BASE_AMP_DPTO/CPV2010Ampliado.dicx","VIVIENDA","vivienda;entidad"
"V00O","Otros tipo de vivienda colectiva","string","","argentina","CP2010ARG","data/extracted/CP2010ARG/BASE_AMP_DPTO/CPV2010Ampliado.dicx","VIVIENDA","vivienda;entidad"
"URP","Area Urbano - Rural","integer","","argentina","CP2010ARG","data/extracted/CP2010ARG/BASE_AMP_DPTO/CPV2010Ampliado.dicx","VIVIENDA","vivienda;geografia;entidad"
"CODMUNI","Código de Municipio","integer","","argentina","CP2010ARG","data/extracted/CP2010ARG/BASE_AMP_DPTO/CPV2010Ampliado.dicx","VIVIENDA","vivienda;geografia;entidad"
"CODLOC","Código de Localidad","integer","","argentina","CP2010ARG","data/extracted/CP2010ARG/BASE_AMP_DPTO/CPV2010Ampliado.dicx","VIVIENDA","vivienda;geografia;entidad"
"CODENT","Código de Entidad","integer","","argentina","CP2010ARG","data/extracted/CP2010ARG/BASE_AMP_DPTO/CPV2010Ampliado.dicx","VIVIENDA","vivienda;geografia;entidad"
"CODAGLO","Código de Aglomerado","integer","","argentina","CP2010ARG","data/extracted/CP2010ARG/BASE_AMP_DPTO/CPV2010Ampliado.dicx","VIVIENDA","vivienda;geografia;entidad"
"CC1","Inundaciones en últimos cinco años","integer","","argentina","CP2010ARG","data/extracted/CP2010ARG/BASE_AMP_DPTO/CPV2010Ampliado.dicx","VIVIENDA","vivienda;edad;entidad"
"CC2","Basural permanente a 300 metros","integer","","argentina","CP2010ARG","data/extracted/CP2010ARG/BASE_AMP_DPTO/CPV2010Ampliado.dicx","VIVIENDA","vivienda;entidad"
"CC3","Servicio de cloacas","integer","","argentina","CP2010ARG","data/extracted/CP2010ARG/BASE_AMP_DPTO/CPV2010Ampliado.dicx","VIVIENDA","vivienda;entidad"
"CC4","Servicio de agua de red","integer","","argentina","CP2010ARG","data/extracted/CP2010ARG/BASE_AMP_DPTO/CPV2010Ampliado.dicx","VIVIENDA","vivienda;entidad"
"CC5","Servicio de gas de red","integer","","argentina","CP2010ARG","data/extracted/CP2010ARG/BASE_AMP_DPTO/CPV2010Ampliado.dicx","VIVIENDA","vivienda;entidad"
"CC6","Servicio de energía electrica por red domiciliaria","integer","","argentina","CP2010ARG","data/extracted/CP2010ARG/BASE_AMP_DPTO/CPV2010Ampliado.dicx","VIVIENDA","vivienda;entidad"
"CC7","Servicio regular de recolección de residuos","integer","","argentina","CP2010ARG","data/extracted/CP2010ARG/BASE_AMP_DPTO/CPV2010Ampliado.dicx","VIVIENDA","vivienda;entidad"
"CC8","Transporte público a 300 metros","integer","","argentina","CP2010ARG","data/extracted/CP2010ARG/BASE_AMP_DPTO/CPV2010Ampliado.dicx","VIVIENDA","vivienda;entidad"
"CC9","Teléfono público a 300 metros","integer","","argentina","CP2010ARG","data/extracted/CP2010ARG/BASE_AMP_DPTO/CPV2010Ampliado.dicx","VIVIENDA","vivienda;entidad"
"CC10","Ubicado en Villa de emergencia o asentamiento","integer","","argentina","CP2010ARG","data/extracted/CP2010ARG/BASE_AMP_DPTO/CPV2010Ampliado.dicx","VIVIENDA","vivienda;entidad"
"CC11","Ubicado en barrio plan o monoblock","integer","","argentina","CP2010ARG","data/extracted/CP2010ARG/BASE_AMP_DPTO/CPV2010Ampliado.dicx","VIVIENDA","vivienda;entidad"
"CC12","Ubicado en country o barrio cerrado","integer","","argentina","CP2010ARG","data/extracted/CP2010ARG/BASE_AMP_DPTO/CPV2010Ampliado.dicx","VIVIENDA","vivienda;entidad"
"CC13","Existencia de al menos de una cuadra pavimentada","integer","","argentina","CP2010ARG","data/extracted/CP2010ARG/BASE_AMP_DPTO/CPV2010Ampliado.dicx","VIVIENDA","vivienda;entidad"
"CC14","Existencia de al menos una boca de tormenta","integer","","argentina","CP2010ARG","data/extracted/CP2010ARG/BASE_AMP_DPTO/CPV2010Ampliado.dicx","VIVIENDA","vivienda;entidad"
"CC15","Existencia de alumbrado público","integer","","argentina","CP2010ARG","data/extracted/CP2010ARG/BASE_AMP_DPTO/CPV2010Ampliado.dicx","VIVIENDA","vivienda;entidad"
"EXPV","Expansor","integer","","argentina","CP2010ARG","data/extracted/CP2010ARG/BASE_AMP_DPTO/CPV2010Ampliado.dicx","VIVIENDA","vivienda;ponderador;entidad"
"INCALSERV","Calidad de Conexiones a Servicios Básicos","integer","","argentina","CP2010ARG","data/extracted/CP2010ARG/BASE_AMP_DPTO/CPV2010Ampliado.dicx","VIVIENDA","vivienda;entidad"
"INMAT","Calidad de los materiales","integer","","argentina","CP2010ARG","data/extracted/CP2010ARG/BASE_AMP_DPTO/CPV2010Ampliado.dicx","VIVIENDA","vivienda;entidad"
"ENTIDAD","Barrio / Entidad","integer","","argentina","CP2010ARG","data/extracted/CP2010ARG/BASE_AMP_DPTO/CPV2010Ampliado.dicx","VIVIENDA","vivienda;entidad"
"INCALCONS","Calidad constructiva de la vivienda","integer","","argentina","CP2010ARG","data/extracted/CP2010ARG/BASE_AMP_DPTO/CPV2010Ampliado.dicx","VIVIENDA","vivienda;entidad"
"TOTHOG","Cantidad de Hogares en la Vivienda","integer","","argentina","CP2010ARG","data/extracted/CP2010ARG/BASE_AMP_DPTO/CPV2010Ampliado.dicx","VIVIENDA","vivienda;entidad"
"V01C","Casa tipo B","integer","","argentina","CP2010ARG","data/extracted/CP2010ARG/BASE_AMP_DPTO/CPV2010Ampliado.dicx","VIVIENDA","vivienda;entidad"
"MUNI","Municipio","integer","","argentina","CP2010ARG","data/extracted/CP2010ARG/BASE_AMP_DPTO/CPV2010Ampliado.dicx","VIVIENDA","vivienda;geografia;entidad"
"LOCAL","Localidad","integer","","argentina","CP2010ARG","data/extracted/CP2010ARG/BASE_AMP_DPTO/CPV2010Ampliado.dicx","VIVIENDA","vivienda;geografia;entidad"
"NHOG","hogar-numero","integer","","argentina","CP2010ARG","data/extracted/CP2010ARG/BASE_AMP_DPTO/CPV2010Ampliado.dicx","HOGAR","vivienda;entidad"
"H0705","Material predominante de los pisos","integer","","argentina","CP2010ARG","data/extracted/CP2010ARG/BASE_AMP_DPTO/CPV2010Ampliado.dicx","HOGAR","vivienda;entidad"
"H1006","Material predominante de la cubierta exterior del techo","integer","","argentina","CP2010ARG","data/extracted/CP2010ARG/BASE_AMP_DPTO/CPV2010Ampliado.dicx","HOGAR","vivienda;entidad"
"H1107","Revestimiento interior o cielorraso del techo","integer","","argentina","CP2010ARG","data/extracted/CP2010ARG/BASE_AMP_DPTO/CPV2010Ampliado.dicx","HOGAR","vivienda;entidad"
"H1308","Tenencia de agua","integer","","argentina","CP2010ARG","data/extracted/CP2010ARG/BASE_AMP_DPTO/CPV2010Ampliado.dicx","HOGAR","vivienda;entidad"
"H1409","Procedencia del agua para beber y cocinar","integer","","argentina","CP2010ARG","data/extracted/CP2010ARG/BASE_AMP_DPTO/CPV2010Ampliado.dicx","HOGAR","vivienda;entidad"
"H1510","Tiene baño / letrina","integer","","argentina","CP2010ARG","data/extracted/CP2010ARG/BASE_AMP_DPTO/CPV2010Ampliado.dicx","HOGAR","vivienda;entidad"
"H1611","Tiene botón, cadena, mochila para limpieza del inodoro","integer","","argentina","CP2010ARG","data/extracted/CP2010ARG/BASE_AMP_DPTO/CPV2010Ampliado.dicx","HOGAR","vivienda;entidad"
"H1712","Desagüe del inodoro","integer","","argentina","CP2010ARG","data/extracted/CP2010ARG/BASE_AMP_DPTO/CPV2010Ampliado.dicx","HOGAR","vivienda;entidad"
"H1813","Baño / letrina de uso exclusivo","integer","","argentina","CP2010ARG","data/extracted/CP2010ARG/BASE_AMP_DPTO/CPV2010Ampliado.dicx","HOGAR","vivienda;entidad"
"H2014","Combustible usado principalmente para cocinar","integer","","argentina","CP2010ARG","data/extracted/CP2010ARG/BASE_AMP_DPTO/CPV2010Ampliado.dicx","HOGAR","vivienda;entidad"
"H2115","Total de habitaciones o piezas para dormir","integer","","argentina","CP2010ARG","data/extracted/CP2010ARG/BASE_AMP_DPTO/CPV2010Ampliado.dicx","HOGAR","vivienda;entidad"
"H2216","Total de habitaciones o piezas","integer","","argentina","CP2010ARG","data/extracted/CP2010ARG/BASE_AMP_DPTO/CPV2010Ampliado.dicx","HOGAR","vivienda;entidad"
"H2417","Propiedad de la vivienda","integer","","argentina","CP2010ARG","data/extracted/CP2010ARG/BASE_AMP_DPTO/CPV2010Ampliado.dicx","HOGAR","vivienda;edad;entidad"
"H2518","Propiedad del terreno","integer","","argentina","CP2010ARG","data/extracted/CP2010ARG/BASE_AMP_DPTO/CPV2010Ampliado.dicx","HOGAR","vivienda;edad;entidad"
"H2819","El hogar tiene","string","","argentina","CP2010ARG","data/extracted/CP2010ARG/BASE_AMP_DPTO/CPV2010Ampliado.dicx","HOGAR","vivienda;entidad"
"H2819A","Heladera","integer","","argentina","CP2010ARG","data/extracted/CP2010ARG/BASE_AMP_DPTO/CPV2010Ampliado.dicx","HOGAR","vivienda;entidad"
"H2819B","Computadora","integer","","argentina","CP2010ARG","data/extracted/CP2010ARG/BASE_AMP_DPTO/CPV2010Ampliado.dicx","HOGAR","vivienda;entidad"
"H2819C","Teléfono celular","integer","","argentina","CP2010ARG","data/extracted/CP2010ARG/BASE_AMP_DPTO/CPV2010Ampliado.dicx","HOGAR","vivienda;entidad"
"H2819D","Teléfono de línea","integer","","argentina","CP2010ARG","data/extracted/CP2010ARG/BASE_AMP_DPTO/CPV2010Ampliado.dicx","HOGAR","vivienda;entidad"
"H05M","Alguna persona descendiente de indigenas","integer","","argentina","CP2010ARG","data/extracted/CP2010ARG/BASE_AMP_DPTO/CPV2010Ampliado.dicx","HOGAR","vivienda;entidad"
"H05P","Total de Personas descendiente de indigenas","integer","","argentina","CP2010ARG","data/extracted/CP2010ARG/BASE_AMP_DPTO/CPV2010Ampliado.dicx","HOGAR","vivienda;entidad"
"CODPUEBLO","Pueblo al que pertenece","integer","","argentina","CP2010ARG","data/extracted/CP2010ARG/BASE_AMP_DPTO/CPV2010Ampliado.dicx","HOGAR","vivienda;geografia;entidad"
"H06M","Alguna persona es afrodescendiente","integer","","argentina","CP2010ARG","data/extracted/CP2010ARG/BASE_AMP_DPTO/CPV2010Ampliado.dicx","HOGAR","vivienda;entidad"
"H06P","Total de Personas afrodescendientes","integer","","argentina","CP2010ARG","data/extracted/CP2010ARG/BASE_AMP_DPTO/CPV2010Ampliado.dicx","HOGAR","vivienda;entidad"
"H08A","Material predominante de las paredes exteriores","integer","","argentina","CP2010ARG","data/extracted/CP2010ARG/BASE_AMP_DPTO/CPV2010Ampliado.dicx","HOGAR","vivienda;entidad"
"H09A","Revestimiento externo de las paredes exteriores","integer","","argentina","CP2010ARG","data/extracted/CP2010ARG/BASE_AMP_DPTO/CPV2010Ampliado.dicx","HOGAR","vivienda;entidad"
"H12A","Tenencia de Electricidad","integer","","argentina","CP2010ARG","data/extracted/CP2010ARG/BASE_AMP_DPTO/CPV2010Ampliado.dicx","HOGAR","vivienda;entidad"
"H19A","Instalación de Agua en Cocina","integer","","argentina","CP2010ARG","data/extracted/CP2010ARG/BASE_AMP_DPTO/CPV2010Ampliado.dicx","HOGAR","vivienda;entidad"
"H23","Antiguedad de la vivienda","integer","","argentina","CP2010ARG","data/extracted/CP2010ARG/BASE_AMP_DPTO/CPV2010Ampliado.dicx","HOGAR","vivienda;edad;entidad"
"H26","La vivienda esta totalmente paga","integer","","argentina","CP2010ARG","data/extracted/CP2010ARG/BASE_AMP_DPTO/CPV2010Ampliado.dicx","HOGAR","vivienda;entidad"
"H27","La vivienda esta escriturada","integer","","argentina","CP2010ARG","data/extracted/CP2010ARG/BASE_AMP_DPTO/CPV2010Ampliado.dicx","HOGAR","vivienda;entidad"
"EXPH","Expansor","integer","","argentina","CP2010ARG","data/extracted/CP2010ARG/BASE_AMP_DPTO/CPV2010Ampliado.dicx","HOGAR","vivienda;ponderador;entidad"
"NBI1","NBI Vivienda","integer","","argentina","CP2010ARG","data/extracted/CP2010ARG/BASE_AMP_DPTO/CPV2010Ampliado.dicx","HOGAR","vivienda;entidad"
"NBI2","NBI Condiciones sanitarias","integer","","argentina","CP2010ARG","data/extracted/CP2010ARG/BASE_AMP_DPTO/CPV2010Ampliado.dicx","HOGAR","vivienda;entidad"
"NBI4","NBI Asistencia escolar","integer","","argentina","CP2010ARG","data/extracted/CP2010ARG/BASE_AMP_DPTO/CPV2010Ampliado.dicx","HOGAR","escolaridad;vivienda;entidad"
"PROP","Régimen de tenencia","integer","","argentina","CP2010ARG","data/extracted/CP2010ARG/BASE_AMP_DPTO/CPV2010Ampliado.dicx","HOGAR","vivienda;entidad"
"TOTPERS","Total de Personas en el Hogar","integer","","argentina","CP2010ARG","data/extracted/CP2010ARG/BASE_AMP_DPTO/CPV2010Ampliado.dicx","HOGAR","vivienda;entidad"
"INDHAC","Hacinamiento","integer","","argentina","CP2010ARG","data/extracted/CP2010ARG/BASE_AMP_DPTO/CPV2010Ampliado.dicx","HOGAR","vivienda;entidad"
"NBI5","NBI Capacidad de subsistencia","integer","","argentina","CP2010ARG","data/extracted/CP2010ARG/BASE_AMP_DPTO/CPV2010Ampliado.dicx","HOGAR","vivienda;entidad"
"NBI3","NBI Hacinamiento","integer","","argentina","CP2010ARG","data/extracted/CP2010ARG/BASE_AMP_DPTO/CPV2010Ampliado.dicx","HOGAR","vivienda;entidad"
"ALGUNBI","Al menos un indicador NBI","integer","","argentina","CP2010ARG","data/extracted/CP2010ARG/BASE_AMP_DPTO/CPV2010Ampliado.dicx","HOGAR","vivienda;entidad"
"TIPOHOGAR","Tipo de Hogar","integer","","argentina","CP2010ARG","data/extracted/CP2010ARG/BASE_AMP_DPTO/CPV2010Ampliado.dicx","HOGAR","vivienda;entidad"
"INCALSERV","Calidad de Conexiones a Servicios Básicos","integer","","argentina","CP2010ARG","data/extracted/CP2010ARG/BASE_AMP_DPTO/CPV2010Ampliado.dicx","HOGAR","vivienda;entidad"
"INMAT","Calidad de los materiales","integer","","argentina","CP2010ARG","data/extracted/CP2010ARG/BASE_AMP_DPTO/CPV2010Ampliado.dicx","HOGAR","vivienda;entidad"
"INCALCONS","Calidad constructiva de la vivienda","integer","","argentina","CP2010ARG","data/extracted/CP2010ARG/BASE_AMP_DPTO/CPV2010Ampliado.dicx","HOGAR","vivienda;entidad"
"V01","Tipo de vivienda","integer","","argentina","CP2010ARG","data/extracted/CP2010ARG/BASE_AMP_DPTO/CPV2010Ampliado.dicx","HOGAR","vivienda;entidad"
"NPER","Número de persona en el hogar","integer","","argentina","CP2010ARG","data/extracted/CP2010ARG/BASE_AMP_DPTO/CPV2010Ampliado.dicx","PERSONA","vivienda;entidad"
"P01","Relación o parentesco con el jefe(a) del hogar","integer","","argentina","CP2010ARG","data/extracted/CP2010ARG/BASE_AMP_DPTO/CPV2010Ampliado.dicx","PERSONA","vivienda;entidad"
"P02","Sexo","integer","","argentina","CP2010ARG","data/extracted/CP2010ARG/BASE_AMP_DPTO/CPV2010Ampliado.dicx","PERSONA","sexo;entidad"
"P03","Edad","integer","","argentina","CP2010ARG","data/extracted/CP2010ARG/BASE_AMP_DPTO/CPV2010Ampliado.dicx","PERSONA","edad;entidad"
"P04","Fecha de nacimiento","string","","argentina","CP2010ARG","data/extracted/CP2010ARG/BASE_AMP_DPTO/CPV2010Ampliado.dicx","PERSONA","entidad"
"P04D","Día de nacimiento","integer","","argentina","CP2010ARG","data/extracted/CP2010ARG/BASE_AMP_DPTO/CPV2010Ampliado.dicx","PERSONA","entidad"
"P04M","Mes de nacimiento","integer","","argentina","CP2010ARG","data/extracted/CP2010ARG/BASE_AMP_DPTO/CPV2010Ampliado.dicx","PERSONA","entidad"
"P04A","Año de nacimiento","integer","","argentina","CP2010ARG","data/extracted/CP2010ARG/BASE_AMP_DPTO/CPV2010Ampliado.dicx","PERSONA","entidad"
"P05","En que país nació","integer","","argentina","CP2010ARG","data/extracted/CP2010ARG/BASE_AMP_DPTO/CPV2010Ampliado.dicx","PERSONA","entidad"
"P06C","Pais de nacimiento","integer","","argentina","CP2010ARG","data/extracted/CP2010ARG/BASE_AMP_DPTO/CPV2010Ampliado.dicx","PERSONA","entidad"
"P1707","Sabe leer y escribir","integer","","argentina","CP2010ARG","data/extracted/CP2010ARG/BASE_AMP_DPTO/CPV2010Ampliado.dicx","PERSONA","entidad"
"P1808","Asiste o asistió a un establecimiento educativo","integer","","argentina","CP2010ARG","data/extracted/CP2010ARG/BASE_AMP_DPTO/CPV2010Ampliado.dicx","PERSONA","escolaridad;entidad"
"P1909","Nivel educativo que cursa o cursó","integer","","argentina","CP2010ARG","data/extracted/CP2010ARG/BASE_AMP_DPTO/CPV2010Ampliado.dicx","PERSONA","escolaridad;entidad"
"P2010","Completó ese nivel","integer","","argentina","CP2010ARG","data/extracted/CP2010ARG/BASE_AMP_DPTO/CPV2010Ampliado.dicx","PERSONA","escolaridad;entidad"
"P2111A","Último grado o año que aprobó en ese nivel","integer","","argentina","CP2010ARG","data/extracted/CP2010ARG/BASE_AMP_DPTO/CPV2010Ampliado.dicx","PERSONA","escolaridad;entidad"
"P2111B","Ningun grado o año aprobado","integer","","argentina","CP2010ARG","data/extracted/CP2010ARG/BASE_AMP_DPTO/CPV2010Ampliado.dicx","PERSONA","escolaridad;entidad"
"P2111C","Grado o año aprobado ignorado","integer","","argentina","CP2010ARG","data/extracted/CP2010ARG/BASE_AMP_DPTO/CPV2010Ampliado.dicx","PERSONA","escolaridad;entidad"
"P2212","Utiliza computadora","integer","","argentina","CP2010ARG","data/extracted/CP2010ARG/BASE_AMP_DPTO/CPV2010Ampliado.dicx","PERSONA","entidad"
"P2513","La semana pasada, trabajó al menos una hora","integer","","argentina","CP2010ARG","data/extracted/CP2010ARG/BASE_AMP_DPTO/CPV2010Ampliado.dicx","PERSONA","entidad"
"P2614","La semana pasada, hizo alguna changa o algo para vender afuera","integer","","argentina","CP2010ARG","data/extracted/CP2010ARG/BASE_AMP_DPTO/CPV2010Ampliado.dicx","PERSONA","entidad"
"P2715","La semana pasada, estuvo de licencia por vacaciones o enfermedad","integer","","argentina","CP2010ARG","data/extracted/CP2010ARG/BASE_AMP_DPTO/CPV2010Ampliado.dicx","PERSONA","edad;entidad"
"P2816","En las últimas 4 semanas, estuvo buscando trabajo","integer","","argentina","CP2010ARG","data/extracted/CP2010ARG/BASE_AMP_DPTO/CPV2010Ampliado.dicx","PERSONA","entidad"
"P1305","Cobertura de salud","integer","","argentina","CP2010ARG","data/extracted/CP2010ARG/BASE_AMP_DPTO/CPV2010Ampliado.dicx","PERSONA","entidad"
"P07","Año de llegada a la Argentina","integer","","argentina","CP2010ARG","data/extracted/CP2010ARG/BASE_AMP_DPTO/CPV2010Ampliado.dicx","PERSONA","entidad"
"P08M","Que Provincia Nació","integer","","argentina","CP2010ARG","data/extracted/CP2010ARG/BASE_AMP_DPTO/CPV2010Ampliado.dicx","PERSONA","geografia;entidad"
"P09M","Donde viviá hace 5 años","integer","","argentina","CP2010ARG","data/extracted/CP2010ARG/BASE_AMP_DPTO/CPV2010Ampliado.dicx","PERSONA","vivienda;edad;entidad"
"P10","En que municipio vivia hace 5 años","integer","","argentina","CP2010ARG","data/extracted/CP2010ARG/BASE_AMP_DPTO/CPV2010Ampliado.dicx","PERSONA","vivienda;edad;geografia;entidad"
"P11M","Donde vive habitualmente","integer","","argentina","CP2010ARG","data/extracted/CP2010ARG/BASE_AMP_DPTO/CPV2010Ampliado.dicx","PERSONA","vivienda;entidad"
"P12","En que municipio vive habitualmente","integer","","argentina","CP2010ARG","data/extracted/CP2010ARG/BASE_AMP_DPTO/CPV2010Ampliado.dicx","PERSONA","vivienda;geografia;entidad"
"P14A","Dificultad o limitación permanente para ver","integer","","argentina","CP2010ARG","data/extracted/CP2010ARG/BASE_AMP_DPTO/CPV2010Ampliado.dicx","PERSONA","entidad"
"P14B","Dificultad o limitación permanente para oír","integer","","argentina","CP2010ARG","data/extracted/CP2010ARG/BASE_AMP_DPTO/CPV2010Ampliado.dicx","PERSONA","entidad"
"P14C","Dificultad o limitación permanente para caminar o subir","integer","","argentina","CP2010ARG","data/extracted/CP2010ARG/BASE_AMP_DPTO/CPV2010Ampliado.dicx","PERSONA","entidad"
"P14D","Dificultad o limitación permanente para agarrar objetos","integer","","argentina","CP2010ARG","data/extracted/CP2010ARG/BASE_AMP_DPTO/CPV2010Ampliado.dicx","PERSONA","entidad"
"P14E","Dificultad o limitación permanente para entender y/o aprender","integer","","argentina","CP2010ARG","data/extracted/CP2010ARG/BASE_AMP_DPTO/CPV2010Ampliado.dicx","PERSONA","entidad"
"P15","Recibe jubilación o pensión","integer","","argentina","CP2010ARG","data/extracted/CP2010ARG/BASE_AMP_DPTO/CPV2010Ampliado.dicx","PERSONA","entidad"
"P16","Tipo de beneficio que recibe","integer","","argentina","CP2010ARG","data/extracted/CP2010ARG/BASE_AMP_DPTO/CPV2010Ampliado.dicx","PERSONA","entidad"
"P23","Estado civil legal","integer","","argentina","CP2010ARG","data/extracted/CP2010ARG/BASE_AMP_DPTO/CPV2010Ampliado.dicx","PERSONA","geografia;entidad"
"P24","Convive en pareja o matrimonio","integer","","argentina","CP2010ARG","data/extracted/CP2010ARG/BASE_AMP_DPTO/CPV2010Ampliado.dicx","PERSONA","vivienda;entidad"
"ACTLETRA","Código de actividad letra","string","","argentina","CP2010ARG","data/extracted/CP2010ARG/BASE_AMP_DPTO/CPV2010Ampliado.dicx","PERSONA","geografia;entidad"
"ACT4CIFR","Código de actividad","integer","","argentina","CP2010ARG","data/extracted/CP2010ARG/BASE_AMP_DPTO/CPV2010Ampliado.dicx","PERSONA","geografia;entidad"
"CODOCUP","Código de ocupación","integer","","argentina","CP2010ARG","data/extracted/CP2010ARG/BASE_AMP_DPTO/CPV2010Ampliado.dicx","PERSONA","geografia;entidad"
"P31","Tamaño del establecimiento","integer","","argentina","CP2010ARG","data/extracted/CP2010ARG/BASE_AMP_DPTO/CPV2010Ampliado.dicx","PERSONA","entidad"
"P32","Categoría ocupacional","integer","","argentina","CP2010ARG","data/extracted/CP2010ARG/BASE_AMP_DPTO/CPV2010Ampliado.dicx","PERSONA","entidad"
"P33","Sector en el que trabaja","integer","","argentina","CP2010ARG","data/extracted/CP2010ARG/BASE_AMP_DPTO/CPV2010Ampliado.dicx","PERSONA","entidad"
"P34","Le descuentan para jubilación","integer","","argentina","CP2010ARG","data/extracted/CP2010ARG/BASE_AMP_DPTO/CPV2010Ampliado.dicx","PERSONA","entidad"
"P35","Aporta para jubilación","integer","","argentina","CP2010ARG","data/extracted/CP2010ARG/BASE_AMP_DPTO/CPV2010Ampliado.dicx","PERSONA","entidad"
"P36","Tuvo hijos/as nacidos vivos","integer","","argentina","CP2010ARG","data/extracted/CP2010ARG/BASE_AMP_DPTO/CPV2010Ampliado.dicx","PERSONA","vivienda;entidad"
"P37","Hijos nacidos vivos en total","integer","","argentina","CP2010ARG","data/extracted/CP2010ARG/BASE_AMP_DPTO/CPV2010Ampliado.dicx","PERSONA","vivienda;entidad"
"P38","Hijos vivos actualmente","integer","","argentina","CP2010ARG","data/extracted/CP2010ARG/BASE_AMP_DPTO/CPV2010Ampliado.dicx","PERSONA","vivienda;entidad"
"P39","Fecha último hijo nacido vivo","string","","argentina","CP2010ARG","data/extracted/CP2010ARG/BASE_AMP_DPTO/CPV2010Ampliado.dicx","PERSONA","vivienda;entidad"
"P39M","Mes","integer","","argentina","CP2010ARG","data/extracted/CP2010ARG/BASE_AMP_DPTO/CPV2010Ampliado.dicx","PERSONA","entidad"
"P39A","Año","integer","","argentina","CP2010ARG","data/extracted/CP2010ARG/BASE_AMP_DPTO/CPV2010Ampliado.dicx","PERSONA","entidad"
"MARCA_AFRO","Afrodescendiente","integer","","argentina","CP2010ARG","data/extracted/CP2010ARG/BASE_AMP_DPTO/CPV2010Ampliado.dicx","PERSONA","entidad"
"MARCA_INDI","Indígena","integer","","argentina","CP2010ARG","data/extracted/CP2010ARG/BASE_AMP_DPTO/CPV2010Ampliado.dicx","PERSONA","entidad"
"CLAVE1P","Clave1","string","","argentina","CP2010ARG","data/extracted/CP2010ARG/BASE_AMP_DPTO/CPV2010Ampliado.dicx","PERSONA","entidad"
"MNI","Máximo Nivel de Instrucción","integer","","argentina","CP2010ARG","data/extracted/CP2010ARG/BASE_AMP_DPTO/CPV2010Ampliado.dicx","PERSONA","escolaridad;entidad"
"ACT2CIFR","Código de actividad 2 cifras","integer","","argentina","CP2010ARG","data/extracted/CP2010ARG/BASE_AMP_DPTO/CPV2010Ampliado.dicx","PERSONA","geografia;entidad"
"P08N","Que Provincia Nació-Nombre","integer","","argentina","CP2010ARG","data/extracted/CP2010ARG/BASE_AMP_DPTO/CPV2010Ampliado.dicx","PERSONA","geografia;entidad"
"P09N","Donde viviá hace 5 años-Nombre","integer","","argentina","CP2010ARG","data/extracted/CP2010ARG/BASE_AMP_DPTO/CPV2010Ampliado.dicx","PERSONA","vivienda;edad;entidad"
"P11N","Donde vive habitualmente-Nombre","integer","","argentina","CP2010ARG","data/extracted/CP2010ARG/BASE_AMP_DPTO/CPV2010Ampliado.dicx","PERSONA","vivienda;entidad"
"EDADAGRU","Edad en grandes grupos","integer","","argentina","CP2010ARG","data/extracted/CP2010ARG/BASE_AMP_DPTO/CPV2010Ampliado.dicx","PERSONA","edad;entidad"
"EDADQUI","Edades quinquenales","integer","","argentina","CP2010ARG","data/extracted/CP2010ARG/BASE_AMP_DPTO/CPV2010Ampliado.dicx","PERSONA","edad;entidad"
"P1808C","Condición de asistencia escolar","integer","","argentina","CP2010ARG","data/extracted/CP2010ARG/BASE_AMP_DPTO/CPV2010Ampliado.dicx","PERSONA","escolaridad;entidad"
"P1909C","Nivel educativo que cursa o cursó","integer","","argentina","CP2010ARG","data/extracted/CP2010ARG/BASE_AMP_DPTO/CPV2010Ampliado.dicx","PERSONA","escolaridad;entidad"
"P2010C","Completó el nivel","integer","","argentina","CP2010ARG","data/extracted/CP2010ARG/BASE_AMP_DPTO/CPV2010Ampliado.dicx","PERSONA","escolaridad;entidad"
"CONDACT","Condición de actividad","integer","","argentina","CP2010ARG","data/extracted/CP2010ARG/BASE_AMP_DPTO/CPV2010Ampliado.dicx","PERSONA","entidad"
"JEFEBAJAED","Jefe baja educ","integer","","argentina","CP2010ARG","data/extracted/CP2010ARG/BASE_AMP_DPTO/CPV2010Ampliado.dicx","PERSONA","escolaridad;entidad"
"P34C","Le descuentan para jubilación","integer","","argentina","CP2010ARG","data/extracted/CP2010ARG/BASE_AMP_DPTO/CPV2010Ampliado.dicx","PERSONA","entidad"
"P35C","Aporta para la jubilación","integer","","argentina","CP2010ARG","data/extracted/CP2010ARG/BASE_AMP_DPTO/CPV2010Ampliado.dicx","PERSONA","entidad"
"RAMA","Rama de actividad","integer","","argentina","CP2010ARG","data/extracted/CP2010ARG/BASE_AMP_DPTO/CPV2010Ampliado.dicx","PERSONA","entidad"
"CARACTER","Carácter ocupacional","integer","","argentina","CP2010ARG","data/extracted/CP2010ARG/BASE_AMP_DPTO/CPV2010Ampliado.dicx","PERSONA","entidad"
"CENSO","Identification code","string","","chile","CP2017CHL","data/extracted/CP2017CHL/BaseOrg16/CPV2017-16.dicx","CENSO16R","geografia"
"IDREGION","Código Region","string","","chile","CP2017CHL","data/extracted/CP2017CHL/BaseOrg16/CPV2017-16.dicx","REGION","geografia"
"NREGION","Regiones","string","","chile","CP2017CHL","data/extracted/CP2017CHL/BaseOrg16/CPV2017-16.dicx","REGION","geografia"
"REDCODEN","División Regional","integer","","chile","CP2017CHL","data/extracted/CP2017CHL/BaseOrg16/CPV2017-16.dicx","REGION","geografia"
"IDPROVIN","Código Provincia","string","","chile","CP2017CHL","data/extracted/CP2017CHL/BaseOrg16/CPV2017-16.dicx","PROVINCI","geografia"
"NPROVI","Provincias","string","","chile","CP2017CHL","data/extracted/CP2017CHL/BaseOrg16/CPV2017-16.dicx","PROVINCI","geografia"
"REDCODEN","División Provincial","integer","PROVINCIA","chile","CP2017CHL","data/extracted/CP2017CHL/BaseOrg16/CPV2017-16.dicx","PROVINCI","geografia"
"IDCOMUNA","Código Comuna","string","","chile","CP2017CHL","data/extracted/CP2017CHL/BaseOrg16/CPV2017-16.dicx","COMUNA","geografia"
"NCOMUNA","Comunas","string","","chile","CP2017CHL","data/extracted/CP2017CHL/BaseOrg16/CPV2017-16.dicx","COMUNA","geografia"
"REDCODEN","División Comunal","integer","","chile","CP2017CHL","data/extracted/CP2017CHL/BaseOrg16/CPV2017-16.dicx","COMUNA","geografia"
"IDDIST","Distrito Censal","string","","chile","CP2017CHL","data/extracted/CP2017CHL/BaseOrg16/CPV2017-16.dicx","DISTRITO","geografia"
"NDISTRITO","Distritos","string","","chile","CP2017CHL","data/extracted/CP2017CHL/BaseOrg16/CPV2017-16.dicx","DISTRITO","geografia"
"IDAREA","Código de Area","string","","chile","CP2017CHL","data/extracted/CP2017CHL/BaseOrg16/CPV2017-16.dicx","AREA","geografia"
"AREA","Código de Area","integer","URBRUR","chile","CP2017CHL","data/extracted/CP2017CHL/BaseOrg16/CPV2017-16.dicx","AREA","geografia"
"IDZC","Zona Censal/Localidad","string","","chile","CP2017CHL","data/extracted/CP2017CHL/BaseOrg16/CPV2017-16.dicx","ZONALOC","geografia"
"NLOCALIDAD","Localidades","string","","chile","CP2017CHL","data/extracted/CP2017CHL/BaseOrg16/CPV2017-16.dicx","ZONALOC","edad;geografia"
"NVIV","Número de la Vivienda","integer","NUMOVIV","chile","CP2017CHL","data/extracted/CP2017CHL/BaseOrg16/CPV2017-16.dicx","VIVIENDA","vivienda;entidad"
"P01","Tipo de Vivienda","integer","TIPOVIV","chile","CP2017CHL","data/extracted/CP2017CHL/BaseOrg16/CPV2017-16.dicx","VIVIENDA","vivienda;entidad"
"P02","Ocupación de la Vivienda","integer","CONDOCUP","chile","CP2017CHL","data/extracted/CP2017CHL/BaseOrg16/CPV2017-16.dicx","VIVIENDA","vivienda;entidad"
"P03A","Material de los muros exteriores","integer","","chile","CP2017CHL","data/extracted/CP2017CHL/BaseOrg16/CPV2017-16.dicx","VIVIENDA","vivienda;entidad"
"P03B","Material en la cubierta del techo","integer","","chile","CP2017CHL","data/extracted/CP2017CHL/BaseOrg16/CPV2017-16.dicx","VIVIENDA","vivienda;entidad"
"P03C","Material de construcción del piso","integer","","chile","CP2017CHL","data/extracted/CP2017CHL/BaseOrg16/CPV2017-16.dicx","VIVIENDA","vivienda;entidad"
"P04","Número de piezas usadas exclusivamente como dormitorio","integer","","chile","CP2017CHL","data/extracted/CP2017CHL/BaseOrg16/CPV2017-16.dicx","VIVIENDA","vivienda;entidad"
"P05","Origen del Agua","integer","","chile","CP2017CHL","data/extracted/CP2017CHL/BaseOrg16/CPV2017-16.dicx","VIVIENDA","vivienda;entidad"
"CANT_HOG","Cantidad de Hogares","integer","","chile","CP2017CHL","data/extracted/CP2017CHL/BaseOrg16/CPV2017-16.dicx","VIVIENDA","vivienda;entidad"
"CANT_PER","Cantidad de Personas","integer","","chile","CP2017CHL","data/extracted/CP2017CHL/BaseOrg16/CPV2017-16.dicx","VIVIENDA","vivienda;entidad"
"NHOGAR","Número del hogar","integer","","chile","CP2017CHL","data/extracted/CP2017CHL/BaseOrg16/CPV2017-16.dicx","HOGAR","vivienda;entidad"
"TIPO_HOGAR","Tipo de hogar","integer","","chile","CP2017CHL","data/extracted/CP2017CHL/BaseOrg16/CPV2017-16.dicx","HOGAR","vivienda;entidad"
"PERSONAN","Número de la persona","integer","NUMOPER","chile","CP2017CHL","data/extracted/CP2017CHL/BaseOrg16/CPV2017-16.dicx","PERSONA","entidad"
"P07","Relación de parentesco","integer","PARENTES","chile","CP2017CHL","data/extracted/CP2017CHL/BaseOrg16/CPV2017-16.dicx","PERSONA","entidad"
"P08","Sexo","integer","SEXO","chile","CP2017CHL","data/extracted/CP2017CHL/BaseOrg16/CPV2017-16.dicx","PERSONA","sexo;entidad"
"P09","Edad","integer","EDAD","chile","CP2017CHL","data/extracted/CP2017CHL/BaseOrg16/CPV2017-16.dicx","PERSONA","edad;entidad"
"P10","Residencia habitual","integer","LUGRES","chile","CP2017CHL","data/extracted/CP2017CHL/BaseOrg16/CPV2017-16.dicx","PERSONA","entidad"
"P10COMUNA","Comuna de Residencia Habitual","integer","","chile","CP2017CHL","data/extracted/CP2017CHL/BaseOrg16/CPV2017-16.dicx","PERSONA","geografia;entidad"
"P10PAIS","Pais de Residencia Habitual","integer","","chile","CP2017CHL","data/extracted/CP2017CHL/BaseOrg16/CPV2017-16.dicx","PERSONA","entidad"
"P10PAIS_GRUPO","Pais de Residencia Habitual(grupo)","integer","","chile","CP2017CHL","data/extracted/CP2017CHL/BaseOrg16/CPV2017-16.dicx","PERSONA","edad;entidad"
"P11","Comuna de Residencia Anterior","integer","LUGRESANT","chile","CP2017CHL","data/extracted/CP2017CHL/BaseOrg16/CPV2017-16.dicx","PERSONA","geografia;entidad"
"P11COMUNA","Comuna de Residencia Anterior","integer","","chile","CP2017CHL","data/extracted/CP2017CHL/BaseOrg16/CPV2017-16.dicx","PERSONA","geografia;entidad"
"P11PAIS","Pais de Residencia Anterior","integer","","chile","CP2017CHL","data/extracted/CP2017CHL/BaseOrg16/CPV2017-16.dicx","PERSONA","entidad"
"P11PAIS_GRUPO","Pais de Residencia Anterior (grupo)","integer","","chile","CP2017CHL","data/extracted/CP2017CHL/BaseOrg16/CPV2017-16.dicx","PERSONA","edad;entidad"
"P12","Comuna o pais de Nacimiento","integer","LUGNAC","chile","CP2017CHL","data/extracted/CP2017CHL/BaseOrg16/CPV2017-16.dicx","PERSONA","geografia;entidad"
"P12COMUNA","Comuna de Nacimiento","integer","","chile","CP2017CHL","data/extracted/CP2017CHL/BaseOrg16/CPV2017-16.dicx","PERSONA","geografia;entidad"
"P12PAIS","Pais de Nacimiento","integer","","chile","CP2017CHL","data/extracted/CP2017CHL/BaseOrg16/CPV2017-16.dicx","PERSONA","entidad"
"P12PAIS_GRUPO","Pais de Nacimiento(grupo)","integer","","chile","CP2017CHL","data/extracted/CP2017CHL/BaseOrg16/CPV2017-16.dicx","PERSONA","edad;entidad"
"P12A_LLEGADA","Año de Llegada al País","integer","","chile","CP2017CHL","data/extracted/CP2017CHL/BaseOrg16/CPV2017-16.dicx","PERSONA","entidad"
"P12A_TRAMO","Período de Llegada al País","integer","","chile","CP2017CHL","data/extracted/CP2017CHL/BaseOrg16/CPV2017-16.dicx","PERSONA","edad;entidad"
"P13","Asiste actualmente a educación formal","integer","","chile","CP2017CHL","data/extracted/CP2017CHL/BaseOrg16/CPV2017-16.dicx","PERSONA","escolaridad;entidad"
"P14","Curso o año más alto aprobado","integer","CURSO","chile","CP2017CHL","data/extracted/CP2017CHL/BaseOrg16/CPV2017-16.dicx","PERSONA","escolaridad;entidad"
"P15","Nivel del curso más alto aprobado","integer","NIVEL","chile","CP2017CHL","data/extracted/CP2017CHL/BaseOrg16/CPV2017-16.dicx","PERSONA","escolaridad;entidad"
"P15A","Completó el nivel especificado","integer","","chile","CP2017CHL","data/extracted/CP2017CHL/BaseOrg16/CPV2017-16.dicx","PERSONA","escolaridad;entidad"
"P16","Se considera perteneciente a pueblo indígena u originario","integer","","chile","CP2017CHL","data/extracted/CP2017CHL/BaseOrg16/CPV2017-16.dicx","PERSONA","entidad"
"P16A","Pueblo indígena u originario","integer","","chile","CP2017CHL","data/extracted/CP2017CHL/BaseOrg16/CPV2017-16.dicx","PERSONA","entidad"
"P16A_OTRO","Pueblo indígena u originario (Otros)","integer","","chile","CP2017CHL","data/extracted/CP2017CHL/BaseOrg16/CPV2017-16.dicx","PERSONA","entidad"
"P16A_GRUPO","Pueblo indígena u originario (Grupo)","integer","","chile","CP2017CHL","data/extracted/CP2017CHL/BaseOrg16/CPV2017-16.dicx","PERSONA","edad;entidad"
"P17","Trabajó durante la semana pasada","integer","SLABORAL","chile","CP2017CHL","data/extracted/CP2017CHL/BaseOrg16/CPV2017-16.dicx","PERSONA","entidad"
"P19","Total hijos/as nacidos vivos","integer","HIJOS","chile","CP2017CHL","data/extracted/CP2017CHL/BaseOrg16/CPV2017-16.dicx","PERSONA","vivienda;entidad"
"P20","Total hijos/as actualmente vivos","integer","HIJOSVIV","chile","CP2017CHL","data/extracted/CP2017CHL/BaseOrg16/CPV2017-16.dicx","PERSONA","vivienda;entidad"
"P21M","Mes de nacimiento del último/a hijo/a","integer","MESHIJO","chile","CP2017CHL","data/extracted/CP2017CHL/BaseOrg16/CPV2017-16.dicx","PERSONA","entidad"
"P21A","Año de nacimiento de último hijo/a","integer","ANOHIJO","chile","CP2017CHL","data/extracted/CP2017CHL/BaseOrg16/CPV2017-16.dicx","PERSONA","entidad"
"ESCOLARIDAD","Años de escolaridad","integer","","chile","CP2017CHL","data/extracted/CP2017CHL/BaseOrg16/CPV2017-16.dicx","PERSONA","escolaridad;edad;entidad"
"P18","Rama de la actividad económica","integer","","chile","CP2017CHL","data/extracted/CP2017CHL/BaseOrg16/CPV2017-16.dicx","PERSONA","entidad"
"CCDD","Departamento","string","","peru","CP2017PER","data/extracted/CP2017PER/BaseD/BaseR/CPVPER2017D.dicX","DEPARTAM","geografia"
"NCCDD","Departamento","string","NDEPTO","peru","CP2017PER","data/extracted/CP2017PER/BaseD/BaseR/CPVPER2017D.dicX","DEPARTAM","geografia"
"CCPP","Provincia","string","","peru","CP2017PER","data/extracted/CP2017PER/BaseD/BaseR/CPVPER2017D.dicX","PROVINCI","geografia"
"NCCPP","Provincia","string","","peru","CP2017PER","data/extracted/CP2017PER/BaseD/BaseR/CPVPER2017D.dicX","PROVINCI","geografia"
"CCDI","Distrito","string","","peru","CP2017PER","data/extracted/CP2017PER/BaseD/BaseR/CPVPER2017D.dicX","DISTRITO","geografia"
"NCCDI","Distrito","string","","peru","CP2017PER","data/extracted/CP2017PER/BaseD/BaseR/CPVPER2017D.dicX","DISTRITO","geografia"
"VAREA","V: Área concepto censal","integer","","peru","CP2017PER","data/extracted/CP2017PER/BaseD/BaseR/CPVPER2017D.dicX","VIVIENDA","vivienda;geografia;entidad"
"ENCAREA","V: Área concepto encuesta","integer","AREA","peru","CP2017PER","data/extracted/CP2017PER/BaseD/BaseR/CPVPER2017D.dicX","VIVIENDA","vivienda;geografia;entidad"
"C2P2","V: Condición de ocupación de la vivienda","integer","CONDOCUP","peru","CP2017PER","data/extracted/CP2017PER/BaseD/BaseR/CPVPER2017D.dicX","VIVIENDA","vivienda;entidad"
"C2P3","V: Material de construcción predominante en las paredes","integer","PARED","peru","CP2017PER","data/extracted/CP2017PER/BaseD/BaseR/CPVPER2017D.dicX","VIVIENDA","vivienda;entidad"
"C2P4","V: Material de construcción predominante en los techos","integer","TECHO","peru","CP2017PER","data/extracted/CP2017PER/BaseD/BaseR/CPVPER2017D.dicX","VIVIENDA","vivienda;entidad"
"C2P5","V: Material de construcción predominante en los pisos","integer","PISO","peru","CP2017PER","data/extracted/CP2017PER/BaseD/BaseR/CPVPER2017D.dicX","VIVIENDA","vivienda;entidad"
"C2P6","V: Abastecimiento de agua en la vivienda","integer","AGUAOROC","peru","CP2017PER","data/extracted/CP2017PER/BaseD/BaseR/CPVPER2017D.dicX","VIVIENDA","vivienda;entidad"
"C2P7","V: Servicio de agua - Todos los días de la semana","integer","DIARIO","peru","CP2017PER","data/extracted/CP2017PER/BaseD/BaseR/CPVPER2017D.dicX","VIVIENDA","vivienda;entidad"
"C2P7A","V: Servicio de agua - En la semana ¿Cuántas horas por día?","integer","","peru","CP2017PER","data/extracted/CP2017PER/BaseD/BaseR/CPVPER2017D.dicX","VIVIENDA","vivienda;entidad"
"C2P7B","V: Servicio de agua - Solo algunos días a la semana","integer","","peru","CP2017PER","data/extracted/CP2017PER/BaseD/BaseR/CPVPER2017D.dicX","VIVIENDA","vivienda;entidad"
"C2P7C","V: Servicio de agua - Por los días de la semana ¿Cuántas horas al día?","integer","","peru","CP2017PER","data/extracted/CP2017PER/BaseD/BaseR/CPVPER2017D.dicX","VIVIENDA","vivienda;entidad"
"C2P8","V: ¿Pagan por el servicio de agua?","integer","","peru","CP2017PER","data/extracted/CP2017PER/BaseD/BaseR/CPVPER2017D.dicX","VIVIENDA","vivienda;entidad"
"C2P9","V: A qué empresa o entidad se paga por el servicio de agua","integer","","peru","CP2017PER","data/extracted/CP2017PER/BaseD/BaseR/CPVPER2017D.dicX","VIVIENDA","vivienda;entidad"
"C2P10","V: Servicio higiénico que tiene la vivienda","integer","HIGIENICO","peru","CP2017PER","data/extracted/CP2017PER/BaseD/BaseR/CPVPER2017D.dicX","VIVIENDA","vivienda;entidad"
"C2P11","V: La vivienda tiene alumbrado eléctrico por red pública","integer","LUZ","peru","CP2017PER","data/extracted/CP2017PER/BaseD/BaseR/CPVPER2017D.dicX","VIVIENDA","vivienda;entidad"
"C2P12","V: Nro. de habitaciones que tiene en total la vivienda","integer","","peru","CP2017PER","data/extracted/CP2017PER/BaseD/BaseR/CPVPER2017D.dicX","VIVIENDA","vivienda;entidad"
"C2P13","V: Tenencia de la vivienda - La vivienda que ocupa es:","integer","TENENCIA","peru","CP2017PER","data/extracted/CP2017PER/BaseD/BaseR/CPVPER2017D.dicX","VIVIENDA","vivienda;entidad"
"TOTELD","V: Indicador de vivienda con adulto mayor","integer","","peru","CP2017PER","data/extracted/CP2017PER/BaseD/BaseR/CPVPER2017D.dicX","VIVIENDA","vivienda;entidad"
"C2P1","V: Tipo de vivienda","integer","TIPOVIV","peru","CP2017PER","data/extracted/CP2017PER/BaseD/BaseR/CPVPER2017D.dicX","VIVIENDA","vivienda;entidad"
"HNROHOG","Número Hogar","integer","","peru","CP2017PER","data/extracted/CP2017PER/BaseD/BaseR/CPVPER2017D.dicX","HOGAR","vivienda;entidad"
"HAREA","H: Área concepto censal","integer","","peru","CP2017PER","data/extracted/CP2017PER/BaseD/BaseR/CPVPER2017D.dicX","HOGAR","vivienda;geografia;entidad"
"HENCARE","H: Área concepto encuesta","integer","","peru","CP2017PER","data/extracted/CP2017PER/BaseD/BaseR/CPVPER2017D.dicX","HOGAR","vivienda;geografia;entidad"
"C3P11","H: La energía o combustible que utiliza para cocinar: electricidad","integer","ELECTRIC","peru","CP2017PER","data/extracted/CP2017PER/BaseD/BaseR/CPVPER2017D.dicX","HOGAR","vivienda;entidad"
"C3P12","H: La energía o combustible que utiliza para cocinar: gas (balón GLP)","integer","GAS","peru","CP2017PER","data/extracted/CP2017PER/BaseD/BaseR/CPVPER2017D.dicX","HOGAR","vivienda;entidad"
"C3P13","H: La energía o combustible que utiliza para cocinar: gas natural (sistema de tuberías)","integer","GASNAT","peru","CP2017PER","data/extracted/CP2017PER/BaseD/BaseR/CPVPER2017D.dicX","HOGAR","vivienda;entidad"
"C3P14","H: La energía o combustible que utiliza para cocinar: carbón","integer","CARBON","peru","CP2017PER","data/extracted/CP2017PER/BaseD/BaseR/CPVPER2017D.dicX","HOGAR","vivienda;entidad"
"C3P15","H: La energía o combustible que utiliza para cocinar: leña","integer","LEÑA","peru","CP2017PER","data/extracted/CP2017PER/BaseD/BaseR/CPVPER2017D.dicX","HOGAR","vivienda;entidad"
"C3P16","H: La energía o combustible que utiliza para cocinar: bosta, estiércol","integer","BOSTA","peru","CP2017PER","data/extracted/CP2017PER/BaseD/BaseR/CPVPER2017D.dicX","HOGAR","vivienda;entidad"
"C3P17","H: La energía o combustible que utiliza para cocinar: otros (residuos agrícolas, etc.)","integer","OTRO","peru","CP2017PER","data/extracted/CP2017PER/BaseD/BaseR/CPVPER2017D.dicX","HOGAR","vivienda;entidad"
"C3P18","H: La energía o combustible que utiliza para cocinar: NO COCINAN","integer","NOCOCINA","peru","CP2017PER","data/extracted/CP2017PER/BaseD/BaseR/CPVPER2017D.dicX","HOGAR","vivienda;entidad"
"C3P21","H: Su hogar tiene: Equipo de sonido","integer","EQSONIDO","peru","CP2017PER","data/extracted/CP2017PER/BaseD/BaseR/CPVPER2017D.dicX","HOGAR","vivienda;entidad"
"C3P22","H: Su hogar tiene: Televisor a color","integer","TVCOLOR","peru","CP2017PER","data/extracted/CP2017PER/BaseD/BaseR/CPVPER2017D.dicX","HOGAR","vivienda;entidad"
"C3P23","H: Su hogar tiene: Cocina a gas","integer","COCINGAS","peru","CP2017PER","data/extracted/CP2017PER/BaseD/BaseR/CPVPER2017D.dicX","HOGAR","vivienda;entidad"
"C3P24","H: Su hogar tiene: Refrigeradora o congeladora","integer","REFRIG","peru","CP2017PER","data/extracted/CP2017PER/BaseD/BaseR/CPVPER2017D.dicX","HOGAR","vivienda;entidad"
"C3P25","H: Su hogar tiene: Lavadora de ropa","integer","LAVADORA","peru","CP2017PER","data/extracted/CP2017PER/BaseD/BaseR/CPVPER2017D.dicX","HOGAR","vivienda;entidad"
"C3P26","H: Su hogar tiene: Horno microondas","integer","HORNOMIC","peru","CP2017PER","data/extracted/CP2017PER/BaseD/BaseR/CPVPER2017D.dicX","HOGAR","vivienda;entidad"
"C3P27","H: Su hogar tiene: Licuadora","integer","LICUADORA","peru","CP2017PER","data/extracted/CP2017PER/BaseD/BaseR/CPVPER2017D.dicX","HOGAR","vivienda;entidad"
"C3P28","H: Su hogar tiene: Plancha eléctrica","integer","PLANCHA","peru","CP2017PER","data/extracted/CP2017PER/BaseD/BaseR/CPVPER2017D.dicX","HOGAR","vivienda;entidad"
"C3P29","H: Su hogar tiene: Computadora/Laptop/Tablet","integer","PC","peru","CP2017PER","data/extracted/CP2017PER/BaseD/BaseR/CPVPER2017D.dicX","HOGAR","vivienda;entidad"
"C3P210","H: Su hogar tiene: Teléfono celular","integer","CELULAR","peru","CP2017PER","data/extracted/CP2017PER/BaseD/BaseR/CPVPER2017D.dicX","HOGAR","vivienda;entidad"
"C3P211","H: Su hogar tiene: Teléfono fijo","integer","TELEFIJO","peru","CP2017PER","data/extracted/CP2017PER/BaseD/BaseR/CPVPER2017D.dicX","HOGAR","vivienda;entidad"
"C3P212","H: Su hogar tiene: Conexión a TV por cable o satelital","integer","CABLE","peru","CP2017PER","data/extracted/CP2017PER/BaseD/BaseR/CPVPER2017D.dicX","HOGAR","vivienda;entidad"
"C3P213","H: Su hogar tiene: Conexión a Internet","integer","INTERNET","peru","CP2017PER","data/extracted/CP2017PER/BaseD/BaseR/CPVPER2017D.dicX","HOGAR","vivienda;entidad"
"C3P214","H: Su hogar tiene: Automóvil, camioneta","integer","CARRO","peru","CP2017PER","data/extracted/CP2017PER/BaseD/BaseR/CPVPER2017D.dicX","HOGAR","vivienda;entidad"
"C3P215","H: Su hogar tiene: Motocicleta","integer","MOTO","peru","CP2017PER","data/extracted/CP2017PER/BaseD/BaseR/CPVPER2017D.dicX","HOGAR","vivienda;entidad"
"C3P216","H: Su hogar tiene: Lancha, bote motor, peque peque, canoa","integer","LANCHA","peru","CP2017PER","data/extracted/CP2017PER/BaseD/BaseR/CPVPER2017D.dicX","HOGAR","vivienda;entidad"
"C3P3","H: Personas que eran miembros de este hogar, viven en otro país","integer","EMIGHOG","peru","CP2017PER","data/extracted/CP2017PER/BaseD/BaseR/CPVPER2017D.dicX","HOGAR","vivienda;entidad"
"C3P3A","H: Nro. de personas en este hogar que viven en otro país","integer","TOTEMIG","peru","CP2017PER","data/extracted/CP2017PER/BaseD/BaseR/CPVPER2017D.dicX","HOGAR","vivienda;entidad"
"sexjef","H: Sexo del jefe del hogar","integer","","peru","CP2017PER","data/extracted/CP2017PER/BaseD/BaseR/CPVPER2017D.dicX","HOGAR","vivienda;sexo;entidad"
"sexcon","H: Sexo del Esposo/a o compañero/a del hogar","integer","","peru","CP2017PER","data/extracted/CP2017PER/BaseD/BaseR/CPVPER2017D.dicX","HOGAR","vivienda;sexo;entidad"
"PAREA","P: Área concepto censal","integer","","peru","CP2017PER","data/extracted/CP2017PER/BaseD/BaseR/CPVPER2017D.dicX","PERSONA","geografia;entidad"
"PENCARE","P: Área concepto encuesta","integer","","peru","CP2017PER","data/extracted/CP2017PER/BaseD/BaseR/CPVPER2017D.dicX","PERSONA","geografia;entidad"
"C5P1","P: Relación de parentesco con el jefe del hogar","integer","PARENTES","peru","CP2017PER","data/extracted/CP2017PER/BaseD/BaseR/CPVPER2017D.dicX","PERSONA","vivienda;entidad"
"C5P2","P: Sexo","integer","SEXO","peru","CP2017PER","data/extracted/CP2017PER/BaseD/BaseR/CPVPER2017D.dicX","PERSONA","sexo;entidad"
"C5P41","P: Edad en años","integer","EDAD","peru","CP2017PER","data/extracted/CP2017PER/BaseD/BaseR/CPVPER2017D.dicX","PERSONA","edad;entidad"
"C5P41M","P: Edad en meses","integer","EDADES","peru","CP2017PER","data/extracted/CP2017PER/BaseD/BaseR/CPVPER2017D.dicX","PERSONA","edad;entidad"
"C5P5","P: ¿Vive permanentemente en este distrito?","integer","","peru","CP2017PER","data/extracted/CP2017PER/BaseD/BaseR/CPVPER2017D.dicX","PERSONA","vivienda;geografia;entidad"
"C5P5BCOD","P: Departamento donde vive permanentemente","integer","","peru","CP2017PER","data/extracted/CP2017PER/BaseD/BaseR/CPVPER2017D.dicX","PERSONA","vivienda;geografia;entidad"
"C5P6","P: ¿Hace 5 años vivía en este distrito?","integer","","peru","CP2017PER","data/extracted/CP2017PER/BaseD/BaseR/CPVPER2017D.dicX","PERSONA","vivienda;edad;geografia;entidad"
"C5P6BCOD","P: Departamento donde vivía hace 5 años","integer","","peru","CP2017PER","data/extracted/CP2017PER/BaseD/BaseR/CPVPER2017D.dicX","PERSONA","vivienda;edad;geografia;entidad"
"C5P7","P: Cuándo ud nació ¿Vivía su madre en este distrito?","integer","","peru","CP2017PER","data/extracted/CP2017PER/BaseD/BaseR/CPVPER2017D.dicX","PERSONA","vivienda;geografia;entidad"
"C5P7BCOD","P: Departamento donde vivía su madre","integer","","peru","CP2017PER","data/extracted/CP2017PER/BaseD/BaseR/CPVPER2017D.dicX","PERSONA","vivienda;geografia;entidad"
"C5P81","P: Población afiliada: al SIS","integer","","peru","CP2017PER","data/extracted/CP2017PER/BaseD/BaseR/CPVPER2017D.dicX","PERSONA","entidad"
"C5P82","P: Población afiliada: a EsSalud","integer","","peru","CP2017PER","data/extracted/CP2017PER/BaseD/BaseR/CPVPER2017D.dicX","PERSONA","entidad"
"C5P83","P: Población afiliada: a seguro de fuerzas armadas o policiales","integer","","peru","CP2017PER","data/extracted/CP2017PER/BaseD/BaseR/CPVPER2017D.dicX","PERSONA","entidad"
"C5P84","P: Población afiliada: a seguro privado de salud","integer","","peru","CP2017PER","data/extracted/CP2017PER/BaseD/BaseR/CPVPER2017D.dicX","PERSONA","entidad"
"C5P85","P: Población afiliada: a otro seguro","integer","","peru","CP2017PER","data/extracted/CP2017PER/BaseD/BaseR/CPVPER2017D.dicX","PERSONA","entidad"
"C5P86","P: Población afiliada: a ningún seguro","integer","","peru","CP2017PER","data/extracted/CP2017PER/BaseD/BaseR/CPVPER2017D.dicX","PERSONA","entidad"
"C5P91","P: Población con discapacidad: Ver","integer","","peru","CP2017PER","data/extracted/CP2017PER/BaseD/BaseR/CPVPER2017D.dicX","PERSONA","entidad"
"C5P92","P: Población con discapacidad: Oír","integer","","peru","CP2017PER","data/extracted/CP2017PER/BaseD/BaseR/CPVPER2017D.dicX","PERSONA","entidad"
"C5P93","P: Población con discapacidad: Hablar","integer","","peru","CP2017PER","data/extracted/CP2017PER/BaseD/BaseR/CPVPER2017D.dicX","PERSONA","entidad"
"C5P94","P: Población con discapacidad: Moverse o caminar para usar brazos y piernas","integer","","peru","CP2017PER","data/extracted/CP2017PER/BaseD/BaseR/CPVPER2017D.dicX","PERSONA","entidad"
"C5P95","P: Población con discapacidad: Entender o aprender","integer","","peru","CP2017PER","data/extracted/CP2017PER/BaseD/BaseR/CPVPER2017D.dicX","PERSONA","entidad"
"C5P96","P: Población con discapacidad: Relacionarse con los demás","integer","","peru","CP2017PER","data/extracted/CP2017PER/BaseD/BaseR/CPVPER2017D.dicX","PERSONA","entidad"
"C5P97","P: Población con discapacidad: Ninguna","integer","","peru","CP2017PER","data/extracted/CP2017PER/BaseD/BaseR/CPVPER2017D.dicX","PERSONA","entidad"
"C5P10A","P: Tipo de documento nacional de identidad","integer","IDENTIDAD","peru","CP2017PER","data/extracted/CP2017PER/BaseD/BaseR/CPVPER2017D.dicX","PERSONA","entidad"
"C5P11","P3a+: Idioma o lengua con el que aprendió hablar","integer","IDIOMA","peru","CP2017PER","data/extracted/CP2017PER/BaseD/BaseR/CPVPER2017D.dicX","PERSONA","entidad"
"C5P12","P3a+: Sabe leer y escribir","integer","SABELEER","peru","CP2017PER","data/extracted/CP2017PER/BaseD/BaseR/CPVPER2017D.dicX","PERSONA","entidad"
"C5P13NIV","P3a+: Último nivel de estudio que aprobó","integer","NIVEL","peru","CP2017PER","data/extracted/CP2017PER/BaseD/BaseR/CPVPER2017D.dicX","PERSONA","escolaridad;entidad"
"C5P13GRA","P3a+: Último grado que aprobó en Primaria","integer","GRADOPRI","peru","CP2017PER","data/extracted/CP2017PER/BaseD/BaseR/CPVPER2017D.dicX","PERSONA","escolaridad;entidad"
"C5P13ANIOP","P3a+: Último año que aprobó en Primaria","integer","ANIOPRI","peru","CP2017PER","data/extracted/CP2017PER/BaseD/BaseR/CPVPER2017D.dicX","PERSONA","escolaridad;entidad"
"C5P13ANIOS","P3a+: Último año que aprobó en Secundaria","integer","ANIOSEC","peru","CP2017PER","data/extracted/CP2017PER/BaseD/BaseR/CPVPER2017D.dicX","PERSONA","escolaridad;entidad"
"C5P13ANIOE","P3a+: Último año que aprobó en Básica Especial","integer","ANIOBAS","peru","CP2017PER","data/extracted/CP2017PER/BaseD/BaseR/CPVPER2017D.dicX","PERSONA","escolaridad;entidad"
"C5P14","P3a+: Actualmente - Asiste a algún colegio, instituto o universidad","integer","PASISTE","peru","CP2017PER","data/extracted/CP2017PER/BaseD/BaseR/CPVPER2017D.dicX","PERSONA","entidad"
"C5P15","P3a+: La institución educativa al que asiste está ubicada:","integer","","peru","CP2017PER","data/extracted/CP2017PER/BaseD/BaseR/CPVPER2017D.dicX","PERSONA","escolaridad;entidad"
"C5P15BCOD","P3a+: Departamento de la Institución a la que asiste","integer","","peru","CP2017PER","data/extracted/CP2017PER/BaseD/BaseR/CPVPER2017D.dicX","PERSONA","geografia;entidad"
"C5P16","P5a+: La semana pasada - Trabajó por algún pago en dinero o especie","integer","TRABAJO","peru","CP2017PER","data/extracted/CP2017PER/BaseD/BaseR/CPVPER2017D.dicX","PERSONA","entidad"
"C5P17","P5a+: La semana pasada - ¿Qué hacia?","integer","QHACIA","peru","CP2017PER","data/extracted/CP2017PER/BaseD/BaseR/CPVPER2017D.dicX","PERSONA","entidad"
"C5P18","P5a+: La semana pasada estuvo buscando trabajo activamente","integer","BUSCOTRAB","peru","CP2017PER","data/extracted/CP2017PER/BaseD/BaseR/CPVPER2017D.dicX","PERSONA","entidad"
"C5P19CODA","P5a+: La semana pasada, segúngran grupo, ¿Cuál es la ocupación principal?","integer","OCUPAGRP","peru","CP2017PER","data/extracted/CP2017PER/BaseD/BaseR/CPVPER2017D.dicX","PERSONA","edad;geografia;entidad"
"C5P20CODA","P5a+: La semana pasada, según sección, ¿A qué actividad se dedicó el negocio?","integer","RAMAGRP","peru","CP2017PER","data/extracted/CP2017PER/BaseD/BaseR/CPVPER2017D.dicX","PERSONA","geografia;entidad"
"C5P19COD","P5a+: La semana pasada ¿Cuál es la ocupación principal?","integer","OCUPACION","peru","CP2017PER","data/extracted/CP2017PER/BaseD/BaseR/CPVPER2017D.dicX","PERSONA","geografia;entidad"
"C5P20COD","P5a+: La semana pasada a qué actividad se dedicó el negocio, organismo o empresa en la que trabajó","integer","RAMACT","peru","CP2017PER","data/extracted/CP2017PER/BaseD/BaseR/CPVPER2017D.dicX","PERSONA","geografia;entidad"
"C5P21","P5a+: En su centro de trabajo se desempeñó como:","integer","DESEMPENO","peru","CP2017PER","data/extracted/CP2017PER/BaseD/BaseR/CPVPER2017D.dicX","PERSONA","entidad"
"C5P22","P5a+: En su centro de trabajo laboraron:","integer","NLABORARON","peru","CP2017PER","data/extracted/CP2017PER/BaseD/BaseR/CPVPER2017D.dicX","PERSONA","entidad"
"C5P23","P5a+: Su centro de trabajo está ubicado","integer","","peru","CP2017PER","data/extracted/CP2017PER/BaseD/BaseR/CPVPER2017D.dicX","PERSONA","entidad"
"C5P23BCOD","P5a+: Departamento donde está ubicado su centro trabajo","integer","","peru","CP2017PER","data/extracted/CP2017PER/BaseD/BaseR/CPVPER2017D.dicX","PERSONA","geografia;entidad"
"C5P24","P12a+: Estado civil o conyugal","integer","ECIVIL","peru","CP2017PER","data/extracted/CP2017PER/BaseD/BaseR/CPVPER2017D.dicX","PERSONA","geografia;entidad"
"C5P25","P12a+: Por sus costumbres y sus antepasados Ud. se considera:","integer","AUTOINDG","peru","CP2017PER","data/extracted/CP2017PER/BaseD/BaseR/CPVPER2017D.dicX","PERSONA","entidad"
"C5P26","P12a+: Religión que profesa","integer","RELIGION","peru","CP2017PER","data/extracted/CP2017PER/BaseD/BaseR/CPVPER2017D.dicX","PERSONA","entidad"
"C5P27","Pm12a+: Nro. total de hijos/as que ha tenido - Nacidos vivos","integer","NHIJOSNV","peru","CP2017PER","data/extracted/CP2017PER/BaseD/BaseR/CPVPER2017D.dicX","PERSONA","vivienda;entidad"
"C5P271","Pm12a+: Ningún hijo nacido vivo","integer","","peru","CP2017PER","data/extracted/CP2017PER/BaseD/BaseR/CPVPER2017D.dicX","PERSONA","vivienda;entidad"
"C5P28","Pm12a+: Nro. total de hijos/as que actualmente - Están vivos","integer","NHIJOSAV","peru","CP2017PER","data/extracted/CP2017PER/BaseD/BaseR/CPVPER2017D.dicX","PERSONA","vivienda;entidad"
"C5P281","Pm12a+: Ningún hijo actualmente vivo","integer","","peru","CP2017PER","data/extracted/CP2017PER/BaseD/BaseR/CPVPER2017D.dicX","PERSONA","vivienda;entidad"
"C5P291","Pm12a+: Su último hijo nacido vivo - Mes","integer","","peru","CP2017PER","data/extracted/CP2017PER/BaseD/BaseR/CPVPER2017D.dicX","PERSONA","vivienda;entidad"
"C5P292","Pm12a+: Su último hijo nacido vivo  - Año","integer","","peru","CP2017PER","data/extracted/CP2017PER/BaseD/BaseR/CPVPER2017D.dicX","PERSONA","vivienda;entidad"
"FACTORPOND","Población total","real","","peru","CP2017PER","data/extracted/CP2017PER/BaseD/BaseR/CPVPER2017D.dicX","PERSONA","ponderador;entidad"
"EDQUINQ","P: Edad en grupos quinquenales","integer","","peru","CP2017PER","data/extracted/CP2017PER/BaseD/BaseR/CPVPER2017D.dicX","PERSONA","edad;entidad"
"P03ESC","P: Población de 3 a 24 años, por grupo de edad","integer","","peru","CP2017PER","data/extracted/CP2017PER/BaseD/BaseR/CPVPER2017D.dicX","PERSONA","edad;entidad"
"P03GQ15M","P: Población de 15 años a más en grupos quinquenales","integer","","peru","CP2017PER","data/extracted/CP2017PER/BaseD/BaseR/CPVPER2017D.dicX","PERSONA","edad;entidad"
"PET","P15a+: Población en edad de trabajar - PET","integer","","peru","CP2017PER","data/extracted/CP2017PER/BaseD/BaseR/CPVPER2017D.dicX","PERSONA","edad;entidad"
"P09DISC","Población con alguna discapacidad","integer","","peru","CP2017PER","data/extracted/CP2017PER/BaseD/BaseR/CPVPER2017D.dicX","PERSONA","entidad"
"P08AFILIA","Población afiliada a seguros de salud","integer","","peru","CP2017PER","data/extracted/CP2017PER/BaseD/BaseR/CPVPER2017D.dicX","PERSONA","entidad"
"C5P5DI","P: Distrito o país donde vive permanentemente","integer","","peru","CP2017PER","data/extracted/CP2017PER/BaseD/BaseR/CPVPER2017D.dicX","PERSONA","vivienda;geografia;entidad"
"C5P6DI","P: Distrito o país donde vivía hace 5 años","integer","","peru","CP2017PER","data/extracted/CP2017PER/BaseD/BaseR/CPVPER2017D.dicX","PERSONA","vivienda;edad;geografia;entidad"
"C5P7DI","P: Distrito o país donde vivía su madre","integer","","peru","CP2017PER","data/extracted/CP2017PER/BaseD/BaseR/CPVPER2017D.dicX","PERSONA","vivienda;geografia;entidad"
"C5P15DI","P3a+: Distrito o país de la Institución a la que asiste","integer","","peru","CP2017PER","data/extracted/CP2017PER/BaseD/BaseR/CPVPER2017D.dicX","PERSONA","geografia;entidad"
"C5P5PV","P: Provincia o continente donde vive permanentemente","integer","","peru","CP2017PER","data/extracted/CP2017PER/BaseD/BaseR/CPVPER2017D.dicX","PERSONA","vivienda;geografia;entidad"
"C5P6PV","P: Provincia o continente donde vivía hace 5 años","integer","","peru","CP2017PER","data/extracted/CP2017PER/BaseD/BaseR/CPVPER2017D.dicX","PERSONA","vivienda;edad;geografia;entidad"
"C5P7PV","P: Provincia o continente donde vivía su madre","integer","","peru","CP2017PER","data/extracted/CP2017PER/BaseD/BaseR/CPVPER2017D.dicX","PERSONA","vivienda;geografia;entidad"
"C5P15PV","P3a+: Provincia o continente de la Institución a la que asiste","integer","","peru","CP2017PER","data/extracted/CP2017PER/BaseD/BaseR/CPVPER2017D.dicX","PERSONA","geografia;entidad"
"REGIAO","Código da Região Geográfica","integer","","brasil","CP2010BRA","data/extracted/CP2010BRA/BaseR/CD2010_Amostra.dicx","REGIAO","geografia"
"IDUF","Identificação da Unidade da Federação","string","","brasil","CP2010BRA","data/extracted/CP2010BRA/BaseR/CD2010_Amostra.dicx","UF","edad;geografia"
"UF","Unidade da Federação","integer","V0001","brasil","CP2010BRA","data/extracted/CP2010BRA/BaseR/CD2010_Amostra.dicx","UF","edad;geografia"
"UFNOME","Nome das UFs","string","","brasil","CP2010BRA","data/extracted/CP2010BRA/BaseR/CD2010_Amostra.dicx","UF","geografia"
"UFMUNIC","Composição de UF e MUNIC","integer","","brasil","CP2010BRA","data/extracted/CP2010BRA/BaseR/CD2010_Amostra.dicx","MUNIC","geografia"
"MESOCOD","Código das Mesorregiões","integer","","brasil","CP2010BRA","data/extracted/CP2010BRA/BaseR/CD2010_Amostra.dicx","MUNIC","geografia"
"MICROCOD","Código das Microregiões","integer","","brasil","CP2010BRA","data/extracted/CP2010BRA/BaseR/CD2010_Amostra.dicx","MUNIC","geografia"
"IDAPOND","Identificação de Área de Ponderação","string","","brasil","CP2010BRA","data/extracted/CP2010BRA/BaseR/CD2010_Amostra.dicx","APOND","geografia;ponderador"
"APOND","Área de Ponderação","integer","V0011","brasil","CP2010BRA","data/extracted/CP2010BRA/BaseR/CD2010_Amostra.dicx","APOND","geografia;ponderador"
"APONDNOME","Nome das Áreas de Ponderação","string","","brasil","CP2010BRA","data/extracted/CP2010BRA/BaseR/CD2010_Amostra.dicx","APOND","geografia;ponderador"
"APONDTIPO","Tipo das Áreas de Ponderação","integer","","brasil","CP2010BRA","data/extracted/CP2010BRA/BaseR/CD2010_Amostra.dicx","APOND","geografia;ponderador"
"DPESO","Peso Amostral","real","","brasil","CP2010BRA","data/extracted/CP2010BRA/BaseR/CD2010_Amostra.dicx","DOMICIL","ponderador"
"SITUACAO","Situação do domicílio","integer","V1006","brasil","CP2010BRA","data/extracted/CP2010BRA/BaseR/CD2010_Amostra.dicx","DOMICIL","vivienda"
"ESPECIE","Espécie de Unidade Visitada","integer","V4001","brasil","CP2010BRA","data/extracted/CP2010BRA/BaseR/CD2010_Amostra.dicx","DOMICIL","edad"
"PAREDES","Paredes externas","integer","V0202","brasil","CP2010BRA","data/extracted/CP2010BRA/BaseR/CD2010_Amostra.dicx","DOMICIL","vivienda"
"AGUA","Abastecimento de água","integer","V0208","brasil","CP2010BRA","data/extracted/CP2010BRA/BaseR/CD2010_Amostra.dicx","DOMICIL","vivienda"
"MORADOR","Quantos moradores","integer","V0401","brasil","CP2010BRA","data/extracted/CP2010BRA/BaseR/CD2010_Amostra.dicx","DOMICIL","entidad"
"RESPONSA","Responsabilidade pelo domicílio","integer","V0402","brasil","CP2010BRA","data/extracted/CP2010BRA/BaseR/CD2010_Amostra.dicx","DOMICIL","vivienda;edad"
"ESPECIED","Espécie da Unidade Doméstica","integer","V6600","brasil","CP2010BRA","data/extracted/CP2010BRA/BaseR/CD2010_Amostra.dicx","DOMICIL","edad"
"PESO","Peso Amostral","real","V0010","brasil","CP2010BRA","data/extracted/CP2010BRA/BaseR/CD2010_Amostra.dicx","DOMICIL","ponderador"
"DENSICOM","Densidade de moradores por cômodo","integer","V6203","brasil","CP2010BRA","data/extracted/CP2010BRA/BaseR/CD2010_Amostra.dicx","DOMICIL","edad;entidad"
"DENSIDOR","Densidade de moradores por dormitório","integer","V6204","brasil","CP2010BRA","data/extracted/CP2010BRA/BaseR/CD2010_Amostra.dicx","DOMICIL","edad;entidad"
"FAMILIA","Número da família","integer","F5020","brasil","CP2010BRA","data/extracted/CP2010BRA/BaseR/CD2010_Amostra.dicx","FAMILIA","entidad"
"NUMPES","Número de Pessoas na Família","integer","F5060","brasil","CP2010BRA","data/extracted/CP2010BRA/BaseR/CD2010_Amostra.dicx","FAMILIA","entidad"
"PERCAPITA","Rendimento familiar per capita em julho de 2010","real","F5070","brasil","CP2010BRA","data/extracted/CP2010BRA/BaseR/CD2010_Amostra.dicx","FAMILIA","entidad"
"PERCPTSM","Rendimento familiar per capita em nº de salários mínimos em julho de 2010","real","F5080","brasil","CP2010BRA","data/extracted/CP2010BRA/BaseR/CD2010_Amostra.dicx","FAMILIA","entidad"
"PARENT","Relação de parentesco com a pessoa responsável","integer","V0502","brasil","CP2010BRA","data/extracted/CP2010BRA/BaseR/CD2010_Amostra.dicx","PESSOA","entidad"
"ORDEM","Ordem lógica","integer","V0504","brasil","CP2010BRA","data/extracted/CP2010BRA/BaseR/CD2010_Amostra.dicx","PESSOA","entidad"
"SEXO","Sexo","integer","V0601","brasil","CP2010BRA","data/extracted/CP2010BRA/BaseR/CD2010_Amostra.dicx","PESSOA","sexo;entidad"
"IDADEAM","Idade em anos e meses","integer","V6033","brasil","CP2010BRA","data/extracted/CP2010BRA/BaseR/CD2010_Amostra.dicx","PESSOA","edad;entidad"
"IDADE","Idade em anos","integer","V6036","brasil","CP2010BRA","data/extracted/CP2010BRA/BaseR/CD2010_Amostra.dicx","PESSOA","edad;entidad"
"IDADEM","Idade em meses","integer","V6037","brasil","CP2010BRA","data/extracted/CP2010BRA/BaseR/CD2010_Amostra.dicx","PESSOA","edad;entidad"
"IDADEF","Forma de declaração da idade","integer","V6040","brasil","CP2010BRA","data/extracted/CP2010BRA/BaseR/CD2010_Amostra.dicx","PESSOA","edad;entidad"
"COR","Cor ou Raça","integer","V0606","brasil","CP2010BRA","data/extracted/CP2010BRA/BaseR/CD2010_Amostra.dicx","PESSOA","entidad"
"REGISTRO","Registro de Nascimento","integer","V0613","brasil","CP2010BRA","data/extracted/CP2010BRA/BaseR/CD2010_Amostra.dicx","PESSOA","entidad"
"ENXERGAR","Dificuldade permanente de Enxergar","integer","V0614","brasil","CP2010BRA","data/extracted/CP2010BRA/BaseR/CD2010_Amostra.dicx","PESSOA","entidad"
"OUVIR","Dificuldade permanente de Ouvir","integer","V0615","brasil","CP2010BRA","data/extracted/CP2010BRA/BaseR/CD2010_Amostra.dicx","PESSOA","entidad"
"CAMINHAR","Dificuldade permanente de Caminhar ou subir degraus","integer","V0616","brasil","CP2010BRA","data/extracted/CP2010BRA/BaseR/CD2010_Amostra.dicx","PESSOA","entidad"
"MENTAL","Deficiência Mental/Intelectual permanente","integer","V0617","brasil","CP2010BRA","data/extracted/CP2010BRA/BaseR/CD2010_Amostra.dicx","PESSOA","entidad"
"AQUI","Nasceu neste município","integer","V0618","brasil","CP2010BRA","data/extracted/CP2010BRA/BaseR/CD2010_Amostra.dicx","PESSOA","entidad"
"AQUIUF","Nasceu nesta Unidade da Federação","integer","V0619","brasil","CP2010BRA","data/extracted/CP2010BRA/BaseR/CD2010_Amostra.dicx","PESSOA","edad;geografia;entidad"
"NACION","Nacionalidade","integer","V0620","brasil","CP2010BRA","data/extracted/CP2010BRA/BaseR/CD2010_Amostra.dicx","PESSOA","edad;entidad"
"FIXOU","Ano que fixou residência no Brasil","integer","V0621","brasil","CP2010BRA","data/extracted/CP2010BRA/BaseR/CD2010_Amostra.dicx","PESSOA","entidad"
"NASCONDE","UF ou país estrangeiro de nascimento","integer","V0622","brasil","CP2010BRA","data/extracted/CP2010BRA/BaseR/CD2010_Amostra.dicx","PESSOA","geografia;entidad"
"NASCUF","Unidade da Federação de Nascimento","integer","V6222","brasil","CP2010BRA","data/extracted/CP2010BRA/BaseR/CD2010_Amostra.dicx","PESSOA","edad;geografia;entidad"
"NASCPAIS","País estrangeiro de nascimento","integer","V6224","brasil","CP2010BRA","data/extracted/CP2010BRA/BaseR/CD2010_Amostra.dicx","PESSOA","entidad"
"TEMPOUF","Tempo de moradia na UF","integer","V0623","brasil","CP2010BRA","data/extracted/CP2010BRA/BaseR/CD2010_Amostra.dicx","PESSOA","geografia;entidad"
"TEMPOMUN","Tempo de moradia no município","integer","V0624","brasil","CP2010BRA","data/extracted/CP2010BRA/BaseR/CD2010_Amostra.dicx","PESSOA","entidad"
"MUDARONDE","UF e Munic ou País Estrangeiro antes de mudar-se","integer","V0625","brasil","CP2010BRA","data/extracted/CP2010BRA/BaseR/CD2010_Amostra.dicx","PESSOA","geografia;entidad"
"UFANT","UF de residência anterior","integer","V6252","brasil","CP2010BRA","data/extracted/CP2010BRA/BaseR/CD2010_Amostra.dicx","PESSOA","geografia;entidad"
"MUNICANT","Município de residência anterior","integer","V6254","brasil","CP2010BRA","data/extracted/CP2010BRA/BaseR/CD2010_Amostra.dicx","PESSOA","entidad"
"PAISANT","País estrangeiro de residência anterior","integer","V6256","brasil","CP2010BRA","data/extracted/CP2010BRA/BaseR/CD2010_Amostra.dicx","PESSOA","entidad"
"RESIDONDE","Residência em 31 de Julho de 2005","integer","V0626","brasil","CP2010BRA","data/extracted/CP2010BRA/BaseR/CD2010_Amostra.dicx","PESSOA","entidad"
"RESIDUF","UF de residência em 31 de Julho de 2005","integer","V6262","brasil","CP2010BRA","data/extracted/CP2010BRA/BaseR/CD2010_Amostra.dicx","PESSOA","geografia;entidad"
"RESIDMUN","Município de residência em 31 de Julho de 2005","integer","V6264","brasil","CP2010BRA","data/extracted/CP2010BRA/BaseR/CD2010_Amostra.dicx","PESSOA","entidad"
"RESIDPAIS","País de residência em 31 de Julho de 2005","integer","V6266","brasil","CP2010BRA","data/extracted/CP2010BRA/BaseR/CD2010_Amostra.dicx","PESSOA","entidad"
"SABELER","Sabe ler e escrever","integer","V0627","brasil","CP2010BRA","data/extracted/CP2010BRA/BaseR/CD2010_Amostra.dicx","PESSOA","entidad"
"FREQUENTA","Frequenta escola ou creche","integer","V0628","brasil","CP2010BRA","data/extracted/CP2010BRA/BaseR/CD2010_Amostra.dicx","PESSOA","escolaridad;entidad"
"CURSO","Curso que frequenta","integer","V0629","brasil","CP2010BRA","data/extracted/CP2010BRA/BaseR/CD2010_Amostra.dicx","PESSOA","escolaridad;entidad"
"SERIEANO","Série / Ano que frequenta","integer","V0630","brasil","CP2010BRA","data/extracted/CP2010BRA/BaseR/CD2010_Amostra.dicx","PESSOA","entidad"
"SERIE","Série que frequenta","integer","V0631","brasil","CP2010BRA","data/extracted/CP2010BRA/BaseR/CD2010_Amostra.dicx","PESSOA","entidad"
"OUTROCUR","Conclusão de outro curso superior de graduação","integer","V0632","brasil","CP2010BRA","data/extracted/CP2010BRA/BaseR/CD2010_Amostra.dicx","PESSOA","escolaridad;entidad"
"CURSOMAIS","Curso mais elevado que frequentou","integer","V0633","brasil","CP2010BRA","data/extracted/CP2010BRA/BaseR/CD2010_Amostra.dicx","PESSOA","escolaridad;entidad"
"CURSOCONC","Conclusão deste curso","integer","V0634","brasil","CP2010BRA","data/extracted/CP2010BRA/BaseR/CD2010_Amostra.dicx","PESSOA","escolaridad;entidad"
"CURSOESP","Espécie do curso mais elevado concluido","integer","V0635","brasil","CP2010BRA","data/extracted/CP2010BRA/BaseR/CD2010_Amostra.dicx","PESSOA","escolaridad;entidad"
"NIVEL","Nível de instrução","integer","V6400","brasil","CP2010BRA","data/extracted/CP2010BRA/BaseR/CD2010_Amostra.dicx","PESSOA","escolaridad;entidad"
"CURSOGRAD","Curso Superior de graduação","integer","V6352","brasil","CP2010BRA","data/extracted/CP2010BRA/BaseR/CD2010_Amostra.dicx","PESSOA","escolaridad;entidad"
"CURSOMEST","Curso de Mestrado","integer","V6354","brasil","CP2010BRA","data/extracted/CP2010BRA/BaseR/CD2010_Amostra.dicx","PESSOA","escolaridad;entidad"
"CURSODOUT","Curso de Doutorado","integer","V6356","brasil","CP2010BRA","data/extracted/CP2010BRA/BaseR/CD2010_Amostra.dicx","PESSOA","escolaridad;entidad"
"FREQONDE","Município e UF ou País Estrangeiro que frequentava escola (ou creche)","integer","V0636","brasil","CP2010BRA","data/extracted/CP2010BRA/BaseR/CD2010_Amostra.dicx","PESSOA","escolaridad;geografia;entidad"
"FREQUF","UF que frequentava escola (ou creche)","integer","V6362","brasil","CP2010BRA","data/extracted/CP2010BRA/BaseR/CD2010_Amostra.dicx","PESSOA","escolaridad;geografia;entidad"
"FREQMUN","Município que frequentava escola (ou creche)","integer","V6364","brasil","CP2010BRA","data/extracted/CP2010BRA/BaseR/CD2010_Amostra.dicx","PESSOA","escolaridad;entidad"
"FREQPAIS","País estrangeiro que frequentava escola (ou creche)","integer","V6366","brasil","CP2010BRA","data/extracted/CP2010BRA/BaseR/CD2010_Amostra.dicx","PESSOA","escolaridad;entidad"
"VIVE","Vive em companhia de cônjuge ou companheiro(a)","integer","V0637","brasil","CP2010BRA","data/extracted/CP2010BRA/BaseR/CD2010_Amostra.dicx","PESSOA","vivienda;entidad"
"ORDEMCONJ","Número de ordem do Cônjuge ou Companheiro(a)","integer","V0638","brasil","CP2010BRA","data/extracted/CP2010BRA/BaseR/CD2010_Amostra.dicx","PESSOA","entidad"
"NATUREZA","Natureza da união","integer","V0639","brasil","CP2010BRA","data/extracted/CP2010BRA/BaseR/CD2010_Amostra.dicx","PESSOA","entidad"
"ESTCIVL","Estado Civil","integer","V0640","brasil","CP2010BRA","data/extracted/CP2010BRA/BaseR/CD2010_Amostra.dicx","PESSOA","geografia;entidad"
"TRABALHOU","Trabalhou ganhando dinheiro, produtos, mercadorias ou benefícios","integer","V0641","brasil","CP2010BRA","data/extracted/CP2010BRA/BaseR/CD2010_Amostra.dicx","PESSOA","entidad"
"TINHA","Tinha trabalho mas estava afastado","integer","V0642","brasil","CP2010BRA","data/extracted/CP2010BRA/BaseR/CD2010_Amostra.dicx","PESSOA","entidad"
"AJUDA","Trabalhou em ajuda a morador sem pagamento","integer","V0643","brasil","CP2010BRA","data/extracted/CP2010BRA/BaseR/CD2010_Amostra.dicx","PESSOA","entidad"
"PLANTACAO","Trabalhou na plantação, criação animais ou pesca","integer","V0644","brasil","CP2010BRA","data/extracted/CP2010BRA/BaseR/CD2010_Amostra.dicx","PESSOA","entidad"
"TRABALHOS","Quantos trabalhos tinha","integer","V0645","brasil","CP2010BRA","data/extracted/CP2010BRA/BaseR/CD2010_Amostra.dicx","PESSOA","entidad"
"OCUP","Ocupação","integer","V6461","brasil","CP2010BRA","data/extracted/CP2010BRA/BaseR/CD2010_Amostra.dicx","PESSOA","entidad"
"ATIV","Atividade","integer","V6471","brasil","CP2010BRA","data/extracted/CP2010BRA/BaseR/CD2010_Amostra.dicx","PESSOA","edad;entidad"
"POSICAO","Posição na Ocupação","integer","V0648","brasil","CP2010BRA","data/extracted/CP2010BRA/BaseR/CD2010_Amostra.dicx","PESSOA","entidad"
"EMPREG","Pessoas empregadas neste trabalho","integer","V0649","brasil","CP2010BRA","data/extracted/CP2010BRA/BaseR/CD2010_Amostra.dicx","PESSOA","entidad"
"PREVID","Contribuinte de Instituto de Previdência","integer","V0650","brasil","CP2010BRA","data/extracted/CP2010BRA/BaseR/CD2010_Amostra.dicx","PESSOA","entidad"
"RENDTIPO","Tipo de rendimento bruto no trabalho principal","integer","V0651","brasil","CP2010BRA","data/extracted/CP2010BRA/BaseR/CD2010_Amostra.dicx","PESSOA","entidad"
"RENDVALOR","Rendimento bruto (valor) mensal no trabalho principal","integer","V6511","brasil","CP2010BRA","data/extracted/CP2010BRA/BaseR/CD2010_Amostra.dicx","PESSOA","entidad"
"RENDTRAB","Rendimento no trabalho principal","integer","V6513","brasil","CP2010BRA","data/extracted/CP2010BRA/BaseR/CD2010_Amostra.dicx","PESSOA","entidad"
"RENDOUTT","Tipo de rendimento bruto nos demais trabalhos","integer","V0652","brasil","CP2010BRA","data/extracted/CP2010BRA/BaseR/CD2010_Amostra.dicx","PESSOA","entidad"
"RENDOUTV","Rendimento bruto (valor) mensal nos demais trabalhos","integer","V6521","brasil","CP2010BRA","data/extracted/CP2010BRA/BaseR/CD2010_Amostra.dicx","PESSOA","entidad"
"RENDTOTT","Rendimento em todos os trabalhos","integer","V6525","brasil","CP2010BRA","data/extracted/CP2010BRA/BaseR/CD2010_Amostra.dicx","PESSOA","entidad"
"RENDTOT","Rendimento mensal total","integer","V6527","brasil","CP2010BRA","data/extracted/CP2010BRA/BaseR/CD2010_Amostra.dicx","PESSOA","entidad"
"HORAS","Horas trabalhadas por semana no trabalho principal","integer","V0653","brasil","CP2010BRA","data/extracted/CP2010BRA/BaseR/CD2010_Amostra.dicx","PESSOA","entidad"
"TOMOU","Tomou alguma providência para conseguir trabalho","integer","V0654","brasil","CP2010BRA","data/extracted/CP2010BRA/BaseR/CD2010_Amostra.dicx","PESSOA","entidad"
"DISPONIVEL","Se tivesse conseguido trabalho, estaria disponível para assumi-lo","integer","V0655","brasil","CP2010BRA","data/extracted/CP2010BRA/BaseR/CD2010_Amostra.dicx","PESSOA","escolaridad;entidad"
"APOSENT","Tinha rendimento mensal de aposentadoria","integer","V0656","brasil","CP2010BRA","data/extracted/CP2010BRA/BaseR/CD2010_Amostra.dicx","PESSOA","entidad"
"BOLSAFAM","Tinha rendimento mensal de Programa Social Bolsa-Família ou PETI","integer","V0657","brasil","CP2010BRA","data/extracted/CP2010BRA/BaseR/CD2010_Amostra.dicx","PESSOA","entidad"
"OUTRPROG","Tinha rendimento mensal de outros programas sociais ou de transferências","integer","V0658","brasil","CP2010BRA","data/extracted/CP2010BRA/BaseR/CD2010_Amostra.dicx","PESSOA","entidad"
"OUTRFONT","Tinha rendimento mensal de outras fontes (juros, pensão, aluguel, etc.)","integer","V0659","brasil","CP2010BRA","data/extracted/CP2010BRA/BaseR/CD2010_Amostra.dicx","PESSOA","entidad"
"OUTRVALOR","Rendimento (valor) total de outras fontes (aluguel, aposentadoria...)","integer","V6591","brasil","CP2010BRA","data/extracted/CP2010BRA/BaseR/CD2010_Amostra.dicx","PESSOA","entidad"
"TRABONDE","Em que Munic e UF ou País trabalha","integer","V0660","brasil","CP2010BRA","data/extracted/CP2010BRA/BaseR/CD2010_Amostra.dicx","PESSOA","geografia;entidad"
"TRABUF","UF que trabalha","integer","V6602","brasil","CP2010BRA","data/extracted/CP2010BRA/BaseR/CD2010_Amostra.dicx","PESSOA","geografia;entidad"
"TRABMUN","Munic que trabalha","integer","V6604","brasil","CP2010BRA","data/extracted/CP2010BRA/BaseR/CD2010_Amostra.dicx","PESSOA","entidad"
"TRABPAIS","País estrangeiro que trabalha","integer","V6606","brasil","CP2010BRA","data/extracted/CP2010BRA/BaseR/CD2010_Amostra.dicx","PESSOA","entidad"
"RETORNA","Retorna do trabalho para casa diariamente","integer","V0661","brasil","CP2010BRA","data/extracted/CP2010BRA/BaseR/CD2010_Amostra.dicx","PESSOA","vivienda;entidad"
"TEMPO","Tempo de deslocamento para o trabalho","integer","V0662","brasil","CP2010BRA","data/extracted/CP2010BRA/BaseR/CD2010_Amostra.dicx","PESSOA","entidad"
"TEVEFINV","Teve filhos e filhas nascidos vivos","integer","V0663","brasil","CP2010BRA","data/extracted/CP2010BRA/BaseR/CD2010_Amostra.dicx","PESSOA","vivienda;entidad"
"FINVHOM","Filhos nascidos vivos (homens)","integer","V6631","brasil","CP2010BRA","data/extracted/CP2010BRA/BaseR/CD2010_Amostra.dicx","PESSOA","vivienda;entidad"
"FINVMUL","Filhas nascidas vivas (mulheres)","integer","V6632","brasil","CP2010BRA","data/extracted/CP2010BRA/BaseR/CD2010_Amostra.dicx","PESSOA","vivienda;sexo;entidad"
"FINVTOT","Filhos nascidos vivos (total)","integer","V6633","brasil","CP2010BRA","data/extracted/CP2010BRA/BaseR/CD2010_Amostra.dicx","PESSOA","vivienda;entidad"
"TEMFIVI","Tem filhos vivos","integer","V0664","brasil","CP2010BRA","data/extracted/CP2010BRA/BaseR/CD2010_Amostra.dicx","PESSOA","vivienda;entidad"
"FIVIHOM","Filhos vivos (homens)","integer","V6641","brasil","CP2010BRA","data/extracted/CP2010BRA/BaseR/CD2010_Amostra.dicx","PESSOA","vivienda;entidad"
"FIVIMUL","Filhas vivas (mulheres)","integer","V6642","brasil","CP2010BRA","data/extracted/CP2010BRA/BaseR/CD2010_Amostra.dicx","PESSOA","vivienda;sexo;entidad"
"FIVITOT","Filhos vivos (total)","integer","V6643","brasil","CP2010BRA","data/extracted/CP2010BRA/BaseR/CD2010_Amostra.dicx","PESSOA","vivienda;entidad"
"FIVISEXO","Sexo do último filho nascido vivo","integer","V0665","brasil","CP2010BRA","data/extracted/CP2010BRA/BaseR/CD2010_Amostra.dicx","PESSOA","vivienda;sexo;entidad"
"FIVIID","Idade do último filho nascido vivo","integer","V6660","brasil","CP2010BRA","data/extracted/CP2010BRA/BaseR/CD2010_Amostra.dicx","PESSOA","vivienda;edad;entidad"
"FIULT","Existência de filho tido nascido vivo no último ano","integer","V6664","brasil","CP2010BRA","data/extracted/CP2010BRA/BaseR/CD2010_Amostra.dicx","PESSOA","vivienda;entidad"
"FIULTVIVO","Este filho estava vivo","integer","V0667","brasil","CP2010BRA","data/extracted/CP2010BRA/BaseR/CD2010_Amostra.dicx","PESSOA","vivienda;entidad"
"FALESABE","Sabe mês e ano que este filho faleceu","integer","V0668","brasil","CP2010BRA","data/extracted/CP2010BRA/BaseR/CD2010_Amostra.dicx","PESSOA","entidad"
"FALEMES","Mês que este filho faleceu","integer","V6681","brasil","CP2010BRA","data/extracted/CP2010BRA/BaseR/CD2010_Amostra.dicx","PESSOA","entidad"
"FALEANO","Ano que este filho faleceu","integer","V6682","brasil","CP2010BRA","data/extracted/CP2010BRA/BaseR/CD2010_Amostra.dicx","PESSOA","entidad"
"MORTOS","Teve filhos nascidos mortos","integer","V0669","brasil","CP2010BRA","data/extracted/CP2010BRA/BaseR/CD2010_Amostra.dicx","PESSOA","entidad"
"MORTHOM","Filhos nascidos mortos (homens)","integer","V6691","brasil","CP2010BRA","data/extracted/CP2010BRA/BaseR/CD2010_Amostra.dicx","PESSOA","entidad"
"MORTMUL","Filhas nascidas mortas (mulheres)","integer","V6692","brasil","CP2010BRA","data/extracted/CP2010BRA/BaseR/CD2010_Amostra.dicx","PESSOA","sexo;entidad"
"MORTTOT","Filhos nascidos mortos (total)","integer","V6693","brasil","CP2010BRA","data/extracted/CP2010BRA/BaseR/CD2010_Amostra.dicx","PESSOA","entidad"
"FILHOST","Filhos tidos total (nascidos vivos e nascidos mortos)","integer","V6800","brasil","CP2010BRA","data/extracted/CP2010BRA/BaseR/CD2010_Amostra.dicx","PESSOA","vivienda;entidad"
"INFORMA","Quem prestou informações","integer","V0670","brasil","CP2010BRA","data/extracted/CP2010BRA/BaseR/CD2010_Amostra.dicx","PESSOA","entidad"
"INFORDEM","Nº de ordem do informante (outro morador)","integer","V0671","brasil","CP2010BRA","data/extracted/CP2010BRA/BaseR/CD2010_Amostra.dicx","PESSOA","entidad"
"CONDATIV","Condição de atividade","integer","V6900","brasil","CP2010BRA","data/extracted/CP2010BRA/BaseR/CD2010_Amostra.dicx","PESSOA","edad;entidad"
"CONDOCUP","Condição de ocupação","integer","V6910","brasil","CP2010BRA","data/extracted/CP2010BRA/BaseR/CD2010_Amostra.dicx","PESSOA","entidad"
"SITOCUP","Situação de ocupação","integer","V6920","brasil","CP2010BRA","data/extracted/CP2010BRA/BaseR/CD2010_Amostra.dicx","PESSOA","entidad"
"POSOCUP","Posição na ocupação e categoria do emprego","integer","V6930","brasil","CP2010BRA","data/extracted/CP2010BRA/BaseR/CD2010_Amostra.dicx","PESSOA","entidad"
"CATEMP","Subgrupo e categoria do emprego","integer","V6940","brasil","CP2010BRA","data/extracted/CP2010BRA/BaseR/CD2010_Amostra.dicx","PESSOA","edad;entidad"
"RELIGIAO","Religiao","integer","V6121","brasil","CP2010BRA","data/extracted/CP2010BRA/BaseR/CD2010_Amostra.dicx","PESSOA","entidad"
"MAEVIVA","Tem mãe viva","integer","V0604","brasil","CP2010BRA","data/extracted/CP2010BRA/BaseR/CD2010_Amostra.dicx","PESSOA","vivienda;entidad"
"NUMMAE","Número de ordem da mãe da pessoa","integer","V0605","brasil","CP2010BRA","data/extracted/CP2010BRA/BaseR/CD2010_Amostra.dicx","PESSOA","entidad"
"V5020","Número da família","integer","","brasil","CP2010BRA","data/extracted/CP2010BRA/BaseR/CD2010_Amostra.dicx","PESSOA","entidad"
"V5060","Número de pessoas na família","integer","","brasil","CP2010BRA","data/extracted/CP2010BRA/BaseR/CD2010_Amostra.dicx","PESSOA","entidad"
"V5070","Rendimento familiar per capita em julho de 2010","real","","brasil","CP2010BRA","data/extracted/CP2010BRA/BaseR/CD2010_Amostra.dicx","PESSOA","entidad"
"V5080","Rendimento familiar per capita em nº de salários mínimos em julho de 2010","real","","brasil","CP2010BRA","data/extracted/CP2010BRA/BaseR/CD2010_Amostra.dicx","PESSOA","entidad"
"OCUP2000","Qual era a ocupação que exercia no trabalho que tinha? - código 2000","integer","V6462","brasil","CP2010BRA","data/extracted/CP2010BRA/BaseR/CD2010_Amostra.dicx","PESSOA","geografia;entidad"
"ATIV2000","Qual era a atividade principal do empreendimento em que tinha esse trabalho? - código 2000","integer","V6472","brasil","CP2010BRA","data/extracted/CP2010BRA/BaseR/CD2010_Amostra.dicx","PESSOA","edad;geografia;entidad"
"PREVPRI","Condição de contribuição para instituto de previdência oficial no trabalho principal","integer","V5110","brasil","CP2010BRA","data/extracted/CP2010BRA/BaseR/CD2010_Amostra.dicx","PESSOA","entidad"
"PREVQQ","Condição de contribuição para instituto de previdência oficial em qualquer trabalho","integer","V5120","brasil","CP2010BRA","data/extracted/CP2010BRA/BaseR/CD2010_Amostra.dicx","PESSOA","entidad"
"PPESO","Peso Amostral","real","V0010","brasil","CP2010BRA","data/extracted/CP2010BRA/BaseR/CD2010_Amostra.dicx","PESSOA","ponderador;entidad"
"UFNASCA","UF de Nascimento - 2 dígitos","integer","V6222A","brasil","CP2010BRA","data/extracted/CP2010BRA/BaseR/CD2010_Amostra.dicx","PESSOA","geografia;entidad"
"PAISNASCA","País estrangeiro de nascimento - 3 dígitos","integer","V6224A","brasil","CP2010BRA","data/extracted/CP2010BRA/BaseR/CD2010_Amostra.dicx","PESSOA","entidad"
"UFANTA","UF de residência anterior - 2 dígitos","integer","V6252A","brasil","CP2010BRA","data/extracted/CP2010BRA/BaseR/CD2010_Amostra.dicx","PESSOA","geografia;entidad"
"PAISANTA","País estrangeiro de residência anterior - 3 dígitos","integer","V6256A","brasil","CP2010BRA","data/extracted/CP2010BRA/BaseR/CD2010_Amostra.dicx","PESSOA","entidad"
"UFRESIDA","UF de residência em 31 de julho de 2005 - 2 dígitos","integer","V6262A","brasil","CP2010BRA","data/extracted/CP2010BRA/BaseR/CD2010_Amostra.dicx","PESSOA","geografia;entidad"
"PAISRESIDA","País de residência em 31 de julho de 2005 - 3 dígitos","integer","V6266A","brasil","CP2010BRA","data/extracted/CP2010BRA/BaseR/CD2010_Amostra.dicx","PESSOA","entidad"
"CURSOGRADS","Curso Superior de Graduação - Subgrupo","integer","V6352S","brasil","CP2010BRA","data/extracted/CP2010BRA/BaseR/CD2010_Amostra.dicx","PESSOA","escolaridad;edad;entidad"
"CURSOGRADG","Curso Superior de Graduação - Grupo","integer","V6352G","brasil","CP2010BRA","data/extracted/CP2010BRA/BaseR/CD2010_Amostra.dicx","PESSOA","escolaridad;edad;entidad"
"CURSOMESTS","Curso de Mestrado - Subgrupo","integer","V6354S","brasil","CP2010BRA","data/extracted/CP2010BRA/BaseR/CD2010_Amostra.dicx","PESSOA","escolaridad;edad;entidad"
"CURSOMESTG","Curso de Mestrado - Grupo","integer","V6354G","brasil","CP2010BRA","data/extracted/CP2010BRA/BaseR/CD2010_Amostra.dicx","PESSOA","escolaridad;edad;entidad"
"CURSODOUTS","Curso de Doutorado - Subgrupo","integer","V6356S","brasil","CP2010BRA","data/extracted/CP2010BRA/BaseR/CD2010_Amostra.dicx","PESSOA","escolaridad;edad;entidad"
"CURSODOUTG","Curso de Doutorado - Grupo","integer","V6356G","brasil","CP2010BRA","data/extracted/CP2010BRA/BaseR/CD2010_Amostra.dicx","PESSOA","escolaridad;edad;entidad"
"UFFREQA","UF que frequentava escola (ou creche) - 2 dígitos","integer","V6362A","brasil","CP2010BRA","data/extracted/CP2010BRA/BaseR/CD2010_Amostra.dicx","PESSOA","escolaridad;geografia;entidad"
"PAISFREQA","País estrangeiro que frequentava escola (ou creche) - 3 dígitos","integer","V6366A","brasil","CP2010BRA","data/extracted/CP2010BRA/BaseR/CD2010_Amostra.dicx","PESSOA","escolaridad;entidad"
"UFTRABA","UF que trabalhava - 2 dígitos","integer","V6602A","brasil","CP2010BRA","data/extracted/CP2010BRA/BaseR/CD2010_Amostra.dicx","PESSOA","geografia;entidad"
"PAISTRABA","País estrangeiro que trabalhava - 3 dígitos","integer","V6606A","brasil","CP2010BRA","data/extracted/CP2010BRA/BaseR/CD2010_Amostra.dicx","PESSOA","entidad"
"RELIGIAOG","Religião ou culto - grupo","integer","V6121A","brasil","CP2010BRA","data/extracted/CP2010BRA/BaseR/CD2010_Amostra.dicx","PESSOA","edad;entidad"
"RENDSM","Rendimento no trabalho principal em salários mínimos","integer","V6514","brasil","CP2010BRA","data/extracted/CP2010BRA/BaseR/CD2010_Amostra.dicx","PESSOA","entidad"
"RENDOUTS","Rendimento nos demais trabalhos em salários mínimos","real","V6524","brasil","CP2010BRA","data/extracted/CP2010BRA/BaseR/CD2010_Amostra.dicx","PESSOA","entidad"
"RENDTOTTS","Rendimento em todos os trabalhos em salários mínimos","real","V6526","brasil","CP2010BRA","data/extracted/CP2010BRA/BaseR/CD2010_Amostra.dicx","PESSOA","entidad"
"RENDTOTSM","Rendimento mensal total em salários mínimos","real","V6528","brasil","CP2010BRA","data/extracted/CP2010BRA/BaseR/CD2010_Amostra.dicx","PESSOA","entidad"
"EMSEXO","Sexo do emigrante","integer","V0303","brasil","CP2010BRA","data/extracted/CP2010BRA/BaseR/CD2010_Amostra.dicx","EMIGRA","sexo"
"MOSEXO","Sexo","integer","V0704","brasil","CP2010BRA","data/extracted/CP2010BRA/BaseR/CD2010_Amostra.dicx","MORT","sexo"
"MOIDANO","Idade ao falecer, em anos","integer","V7051","brasil","CP2010BRA","data/extracted/CP2010BRA/BaseR/CD2010_Amostra.dicx","MORT","edad"
"MOIDMES","Idade ao falecer, em meses","integer","V7052","brasil","CP2010BRA","data/extracted/CP2010BRA/BaseR/CD2010_Amostra.dicx","MORT","edad"
